bank,date,novelty,n_added,dict_dh,dict_redline,rob_dh,rob_redline,rob_disp,r2,r5,r10,r30,src,alpha_r2,alpha_r5,alpha_r10,alpha_r30
ECB,2015-03-05,0.9310344827586207,54,0.099356483729966,0.10524691358024693,-0.020380073230958466,-0.015246653459997185,0.6960112460292699,-1.0000000000000009,-3.0000000000000027,-1.000000000000023,-1.000000000000023,daily,-0.33839617493387014,-0.39638352296805957,-0.07833423084556505,0.22733018129265536
FOMC,2015-03-18,0.42307692307692313,11,0.05128205128205128,0.12121212121212124,0.020104991168549392,0.047521413263563184,0.6593706529707304,-7.289999999999989,-8.25,-5.7700000000000005,-3.9600000000000004,usmpd,0.1285632990294856,0.09268282460464673,0.2219546439062502,0.2796305072428806
ECB,2015-04-15,0.8260869565217391,38,-0.02430034982508744,-0.029561403508771927,0.043251867236339704,0.05731404429814,0.6749089336894889,-2.0000000000000018,-1.0000000000000009,1.0000000000000009,0.9999999999999787,daily,0.33475726855037585,0.30101663695803926,0.3258883936117102,0.2618618117288541
FOMC,2015-04-29,0.3913043478260869,9,-0.022380156075808247,-0.09583333333333335,-0.15652238489402168,-0.3762332080522255,0.5719565580579727,0.0,-0.32,-0.17999999999998,-0.24000000000000998,usmpd,-1.7937676373844818,-1.9609432822290354,-0.9931769487411919,0.1216858742919497
ECB,2015-06-03,0.7884615384615384,41,0.020763656633221855,0.028455284552845544,-0.013283692056854935,-0.024685963323509776,0.6570706601647194,4.999999999999993,7.999999999999985,10.999999999999988,8.999999999999986,daily,-0.3063341854302266,-0.39434735629414475,-0.11552102914759964,0.16283931100381685
FOMC,2015-06-17,0.3913043478260869,9,0.020289855072463767,0.05185185185185187,0.07242877825426504,0.18509558604758547,0.6309747097574391,-5.24999999999999,-6.96999999999998,-4.85999999999999,-3.1899999999999795,usmpd,0.6776593280281351,0.6905113099777868,0.5761076232277733,0.3251798027166066
ECB,2015-07-16,0.6862745098039216,35,0.017031171442936144,0.024470899470899463,0.13844530050781764,0.20241891370890713,0.6110949218300474,3.0000000000000027,3.0000000000000027,0.0,-2.0000000000000018,daily,1.2707984409204505,1.315139369988864,0.9716529630715227,0.38520856913357204
FOMC,2015-07-29,0.30434782608695654,7,0.021739130434782608,0.07142857142857144,0.05227218913268704,0.17175182257778945,0.6349422276403447,-1.1900000000000002,-1.65999999999999,-1.43999999999997,-0.95999999999998,usmpd,0.423373237289571,0.4081787799717841,0.40574516664194255,0.2851377927495628
ECB,2015-09-03,0.8148148148148149,44,-0.07944807552650693,-0.09671101256467107,-0.1805071616956435,-0.22537938964421228,0.661470847030636,-1.0000000000000009,-3.0000000000000027,-2.0000000000000018,-2.0000000000000018,daily,-2.030563271784476,-2.167737667429548,-1.1076047687498283,0.15389758623679095
FOMC,2015-09-17,0.46153846153846156,12,0.025222965440356744,0.09953703703703703,0.019475412000204573,0.05016490366102112,0.6701960406832571,-5.25999999999999,-5.1300000000000106,-3.94000000000001,-1.6399999999999901,usmpd,0.1075520769473506,0.06350218654390438,0.20480072120465864,0.26269966750777557
ECB,2015-10-22,0.7708333333333334,37,-0.0013613315696648365,-0.009178114992068498,-0.09074013975891324,-0.1164890237032466,0.6796105038159747,-3.0000000000000027,-1.0000000000000009,0.0,0.0,daily,-1.0487114012032208,-1.197410589093618,-0.5515922006839465,0.1663763319860303
FOMC,2015-10-28,0.31999999999999995,8,-0.008846153846153844,-0.04745370370370369,-0.005178120973007305,-0.002284920900921056,0.6199684251588518,5.95499999999999,4.95000000000001,1.7799999999999798,-1.10000000000001,usmpd,-0.22776843777050843,-0.28200043243523865,0.0023981765814925157,0.2394955627249245
ECB,2015-12-03,0.9107142857142857,51,0.022569444444444392,0.02408637873754149,0.04853862961605651,0.05391677915906562,0.7138624353008758,2.0000000000000018,11.00000000000001,14.999999999999991,15.99999999999997,daily,0.35763473524101974,0.2613554370264255,0.24486629686376676,0.1418129259393415
FOMC,2015-12-16,0.7083333333333333,17,0.025138888888888884,0.03322440087145968,-0.06993795360768369,-0.09837119357796516,0.6652156694550264,0.0,-0.65999999999999,-2.30000000000001,-3.4899999999999904,usmpd,-0.865239022683855,-0.9674223882496907,-0.3899426200159363,0.21725726595695954
ECB,2016-01-21,0.7659574468085106,36,0.0421225937183384,0.044444444444444425,-0.04311157923032799,-0.040872814612400055,0.7525819968667669,-1.0000000000000009,0.0,1.000000000000023,2.0000000000000018,daily,-0.5752404584160355,-0.6722932717456644,-0.24347986194842952,0.18655839860006396
FOMC,2016-01-27,0.5217391304347826,12,-0.027022946859903384,-0.05128205128205128,-0.09916609686647922,-0.16562918971486887,0.5744002465722688,-3.3699999999999894,-3.7600000000000002,-2.09999999999999,-1.44999999999999,usmpd,-1.1303047270802717,-1.255795334843603,-0.5802202678383147,0.17912943804096676
ECB,2016-03-10,0.8166666666666667,49,-0.04950354609929081,-0.057407407407407435,-0.059394574933019695,-0.08529183494234972,0.6514123716445328,3.0000000000000027,6.000000000000005,3.0000000000000027,2.0000000000000018,daily,-0.7817096122900937,-0.9101821010826927,-0.37057818961337574,0.17194994983419376
FOMC,2016-03-16,0.5,13,0.042781493868450385,0.08205128205128205,0.09458087339973102,0.15431971755332108,0.6033065837129421,-9.33,-10.440000000000001,-6.730000000000009,-1.54,usmpd,0.97409207530393,0.9996470949632681,0.758330919262543,0.33011973280939616
ECB,2016-04-21,0.7916666666666666,38,0.03416666666666668,0.039157894736842086,0.029503766591490926,0.02681765280205964,0.7278722251321056,1.9999999999999907,3.0000000000000027,2.9999999999999805,2.9999999999999805,daily,0.1604110250971063,0.11724390998762299,0.22102785848716025,0.23691990862737008
FOMC,2016-04-27,0.23076923076923073,6,-0.006410256410256405,-0.027777777777777735,-0.007722403442200557,-0.0334633049981979,0.598117904429598,1.1900000000000002,0.8099999999999901,-0.17999999999998,-0.87000000000001,usmpd,-0.2215919638083101,-0.28197220877431306,-0.0008745340350570507,0.23596577932683568
ECB,2016-06-02,0.7358490566037736,39,-0.006682389937106875,-0.00860985419808949,0.14758116179104916,0.19832204076615617,0.6683990971118444,-2.0000000000000018,-2.9999999999999805,-4.0000000000000036,-4.999999999999982,daily,1.467143283797517,1.5388372033639044,1.1162652960429482,0.45785066774245503
FOMC,2016-06-15,0.41666666666666663,10,-0.019764957264957257,-0.03749999999999999,-0.1267080272203039,-0.2469400114030577,0.5383019290456369,-5.2299999999999995,-4.35,-2.21999999999999,-0.37000000000002004,usmpd,-1.3796945992672618,-1.5463619748911723,-0.7553267098606737,0.14537041617504215
ECB,2016-07-21,0.6938775510204082,34,0.011359260685406214,0.01728586171310631,-0.05019884304002105,-0.06034934954817907,0.6696406752998082,-3.0000000000000027,-3.9999999999999813,-2.0000000000000018,-0.9999999999999787,daily,-0.632107051898238,-0.7177913612820519,-0.2652124876559213,0.20581019987634402
FOMC,2016-07-27,0.37037037037037035,10,0.030092592592592587,0.09523809523809523,0.1491402572558366,0.3159657140118985,0.5957921650791067,0.4,-0.65000000000001,-1.2,-1.19000000000002,usmpd,1.4347006567460003,1.5089017236446303,1.069892272886336,0.3813791326312764
ECB,2016-09-08,0.6666666666666667,32,-0.02724631519274376,-0.040088383838383854,-0.026106878617044957,-0.03708130971882163,0.6668324892177273,4.0000000000000036,6.999999999999984,7.000000000000006,8.999999999999986,daily,-0.4346451632296291,-0.533065697698516,-0.1744309730817284,0.14992557846104526
FOMC,2016-09-21,0.3846153846153846,10,0.05698005698005698,0.15,-0.005230736734412801,0.0330706684626586,0.6049034892631823,-3.6599999999999904,-4.25999999999999,-3.46999999999999,-3.10000000000001,usmpd,-0.1622168352192518,-0.21927126102001893,0.03814479556938119,0.2532052829387896
ECB,2016-10-20,0.5909090909090908,26,0.003630050505050497,0.006410256410256415,0.06443521266965035,0.12197771598262196,0.7442779252353796,2.9999999999999916,2.0000000000000018,0.0,-0.9999999999999787,daily,0.5127284236914196,0.5118087288456468,0.47413448049271795,0.296064151063132
FOMC,2016-11-02,0.37037037037037035,10,-0.05080721747388413,-0.15555555555555553,0.020593207615149982,0.021326438278790882,0.5871988959975426,0.4,0.15999999999998,0.35000000000000003,0.5499999999999999,usmpd,0.07924762043352902,0.03863232243530049,0.181868520678583,0.24809773957529244
ECB,2016-12-08,0.84,42,-0.04189393939393937,-0.0492724867724868,-0.022014539346637323,-0.03641620856927018,0.749277923552191,2.0000000000000018,3.0000000000000027,6.000000000000005,8.000000000000007,daily,-0.3769866028672141,-0.45764160637351303,-0.13936674292453805,0.16143236904755062
FOMC,2016-12-14,0.33333333333333337,8,-0.0015432098765432185,0.011363636363636364,-0.04699379780538072,-0.056061339330963994,0.5838659870978389,6.07999999999999,8.17999999999998,6.04,2.66999999999999,usmpd,-0.6745412351368173,-0.7838219349290683,-0.3112355707880637,0.17756557220707025
ECB,2017-01-19,0.7872340425531915,37,0.08716312056737585,0.10889639639639641,0.09435804954484758,0.1272016651744658,0.7352064281085874,2.0000000000000018,4.0000000000000036,5.000000000000027,4.0000000000000036,daily,0.8316656051495741,0.8186477482050989,0.6119042455124182,0.2615296193896042
FOMC,2017-02-01,0.48,12,-0.039444444444444435,-0.08459595959595959,-0.014984022951175568,-0.0569089155871938,0.5557748626319367,-2.39,-2.30999999999999,-0.74,0.5800000000000199,usmpd,-0.27242220503623216,-0.3412997958718343,-0.04474293950373826,0.22028342595352843
ECB,2017-03-09,0.7954545454545454,35,0.008518697614442308,0.011478696741854658,-0.005616315765664043,0.00020162987010072242,0.7571328365077785,1.0000000000000009,4.999999999999982,3.000000000000025,4.0000000000000036,daily,-0.19828125281277245,-0.28725545246894435,-0.008884634828974197,0.20408134331639602
FOMC,2017-03-15,0.5,12,0.02555555555555555,0.047008547008547015,0.12104002400733103,0.251221259306476,0.5497486902479111,-6.09999999999999,-7.21000000000002,-4.36,-1.40000000000002,usmpd,1.2377330294115878,1.2868380431697195,0.9228997895739902,0.3552641891038929
ECB,2017-04-27,0.7297297297297297,27,-0.04577190827190826,-0.06419753086419754,-0.10603929624743462,-0.11559600603691064,0.777263572129721,-3.0000000000000027,-3.0000000000000027,-2.0000000000000018,-1.000000000000023,daily,-1.2057542347249102,-1.3415765140677456,-0.625848277659988,0.16885884583908534
FOMC,2017-05-03,0.3846153846153846,10,0.022008547008547007,0.05583333333333331,0.010253823093173709,-0.046995977741244144,0.5543078454173169,1.7999999999999998,2.29999999999999,1.79999999999997,1.25999999999999,usmpd,-0.03823805661008052,-0.09155329133108317,0.10381759971117714,0.23522570954736305
ECB,2017-06-08,0.8,36,0.032682682682682665,0.04080687830687829,0.033716034041779704,0.03266751366226388,0.7517372376284622,1.0000000000000009,1.0000000000000009,0.9999999999999787,1.000000000000023,daily,0.21161071022192585,0.17887284140812784,0.2633654500277015,0.25478181038668124
FOMC,2017-06-14,0.52,13,-0.004230769230769234,-0.008516483516483516,0.08501532355901033,0.17044353493758618,0.5125446360467184,2.83999999999999,2.30999999999999,0.9550000000000299,0.07999999999999,usmpd,0.7254845638985312,0.7362620993138062,0.600344799137646,0.3023809373646438
ECB,2017-07-20,0.725,29,-0.06467592592592593,-0.08260649087221095,-0.07256173351383444,-0.10153313654409357,0.6933185485513685,0.0,-1.0000000000000009,0.0,-2.0000000000000018,daily,-0.8929140257569945,-0.9933938279116302,-0.43046154816513416,0.2007810224907495
FOMC,2017-07-26,0.375,9,0.03083333333333333,0.08055555555555555,-0.04208385260672609,-0.08336413686985095,0.5405778505652046,-1.59,-2.4999999999999902,-1.61000000000002,-0.31999999999996,usmpd,-0.5597931522670209,-0.6407014932633954,-0.21568626623636367,0.2060809908832198
ECB,2017-09-07,0.6956521739130435,32,0.06737318840579713,0.09607371794871794,0.11817814243695465,0.16177237897316515,0.6414772492097318,-3.0000000000000027,-6.000000000000005,-5.000000000000027,-6.000000000000005,daily,1.1563267048091688,1.232186067561222,0.9115806326848099,0.4237288762256777
FOMC,2017-09-20,0.4,10,-0.020833333333333332,-0.05555555555555555,-0.07152266575417646,-0.2007952773395421,0.4830437444563723,4.50999999999999,5.5100000000000104,3.36000000000002,1.02000000000002,usmpd,-0.9278735111519476,-1.0480416438567006,-0.45776916616926167,0.17063032558105296
ECB,2017-10-26,0.8125,39,-0.05015096618357488,-0.05974820974820974,0.12524656450962843,0.15303459875355307,0.7056739568081009,1.9999999999999796,0.9999999999999787,2.0000000000000018,0.9999999999999787,daily,1.1521344030262737,1.2032647362214304,0.8485467179843259,0.31979739780268
FOMC,2017-11-01,0.4,10,-0.013333333333333334,-0.03333333333333334,-0.0015311017533531411,-0.0038282863853964927,0.4591782008457005,0.38999999999997004,0.49999999999997996,0.8150000000000099,0.64000000000001,usmpd,-0.1514476271810925,-0.2106760536253643,0.033059739428438914,0.23037375835387391
FOMC,2017-12-13,0.5652173913043479,13,0.06405797101449275,0.11709401709401708,0.047640366447879424,0.08224615389380444,0.544088119334488,-1.21999999999999,-1.84000000000001,-1.25000000000001,-0.54000000000002,usmpd,0.37477128694314393,0.3572902571835377,0.3731277469603259,0.2777368749410974
ECB,2017-12-14,0.7708333333333334,37,0.08298611111111108,0.10765765765765765,0.10688392326695367,0.13866000904424772,0.7451516722516515,3.0000000000000027,2.0000000000000018,-0.9999999999999787,-3.000000000000025,daily,0.9475184533354919,0.9823454427676421,0.7716376718911674,0.3629539903593394
ECB,2018-01-25,0.6818181818181819,30,0.007102272727272721,0.010130718954248372,-0.1323745584820768,-0.18051472955757716,0.6832413581335111,0.0,-2.0000000000000018,-2.0000000000000018,-4.0000000000000036,daily,-1.5310069546812441,-1.6504589802750427,-0.7956856585337997,0.20742698762517137
FOMC,2018-01-31,0.55,11,-0.025724637681159422,-0.047619047619047616,-0.03412323709409342,-0.01689924668730841,0.5443801431068485,0.80999999999997,1.50999999999998,1.69000000000001,0.5700000000000001,usmpd,-0.49539139206859073,-0.5830904074749304,-0.18896795241008169,0.20526756524096962
ECB,2018-03-08,0.6938775510204082,34,-0.004615027829313528,-0.006372549019607862,-0.05379335496144886,-0.09071432197524554,0.7041964364999116,0.0,-2.0000000000000018,-3.000000000000025,-2.0000000000000018,daily,-0.6953712990370168,-0.7747168950510608,-0.27975581924997,0.21205440363744887
FOMC,2018-03-21,0.4545454545454546,10,0.0015151515151515214,-0.020833333333333315,0.05258402132084567,0.06542962840467226,0.5729832257930798,-0.81999999999999,1.52999999999998,2.4,2.47000000000001,usmpd,0.4235139600052231,0.38454507850243536,0.3751416056024387,0.2561993807350837
ECB,2018-04-26,0.5416666666666667,26,-0.0295705782312925,-0.052113010446343776,0.0023191738230577477,0.012206050936506063,0.7467405952955414,0.0,-2.0000000000000018,-2.9999999999999805,-2.9999999999999805,daily,-0.10860167656554494,-0.1505619242864706,0.08454508035852583,0.25829912744736383
FOMC,2018-05-02,0.4285714285714286,9,-0.0027056277056277077,-0.002777777777777782,-0.02441506031992933,-0.034015950030394954,0.4896397564462204,-1.6099999999999701,-1.8599999999999701,-1.1199999999999999,-0.41000000000001996,usmpd,-0.37600530332442583,-0.4494182947042912,-0.10392950066822486,0.22005812224042529
FOMC,2018-06-13,0.47058823529411764,8,0.1330532212885154,0.2708333333333333,0.10698489177817916,0.3176181629041821,0.5753678973528157,4.10999999999996,4.08000000000003,3.4899999999999904,2.08999999999996,usmpd,0.9330776364825067,0.9544703807065342,0.7097372847171015,0.2921200808137167
ECB,2018-06-14,0.8181818181818181,45,-0.0540719696969697,-0.06613060428849903,0.07881281987235772,0.10832553181363432,0.6959033806716082,0.0,-4.0000000000000036,-4.0000000000000036,-5.000000000000027,daily,0.6921133711490318,0.7349749631872047,0.6123738263755901,0.35153591023057745
ECB,2018-07-26,0.5217391304347826,24,0.02223320158102765,0.025568181818181823,-0.013265303781059015,-0.05760440494219493,0.72634430023806,2.9999999999999805,4.0000000000000036,4.0000000000000036,4.0000000000000036,daily,-0.29218014868786646,-0.36621846028732474,-0.0665348795965317,0.19775750876120027
FOMC,2018-08-01,0.5882352941176471,10,-0.02941176470588236,-0.04999999999999999,0.013676420300137548,0.023249550011678388,0.5824725720317234,0.0,-0.33999999999999997,-0.56000000000002,-0.48999999999996,usmpd,0.009896719641886029,-0.03510648531961405,0.14267167697483732,0.24999455016347263
ECB,2018-09-13,0.574468085106383,27,0.013775824853530683,0.025142450142450173,-0.04146573320652752,-0.07691569107475743,0.6814576129453533,1.9999999999999574,0.0,0.0,0.0,daily,-0.5820662506240747,-0.6538373250690559,-0.22452739409709363,0.20398615966402972
FOMC,2018-09-26,0.25,4,0.0392156862745098,0.1583333333333333,0.13340068120551757,0.4955684046712122,0.5521719200206044,-0.80999999999997,-0.5099999999999599,-0.19,0.32999999999998003,usmpd,1.2875205176530637,1.3227060110620377,0.9406526828642018,0.33733821605788444
ECB,2018-10-25,0.4772727272727273,21,-0.022751450676982587,-0.0433531746031746,0.12738763379041773,0.28045386980167153,0.6842831376655012,2.0000000000000018,4.0000000000000036,4.0000000000000036,2.0000000000000018,daily,1.1744118689744918,1.1765714607699758,0.8284578991860814,0.30427762720939877
FOMC,2018-11-08,0.3125,5,-0.078125,-0.25,-0.11612752807468496,-0.3716084471874638,0.4999355082089576,0.41999999999999,0.6899999999999901,0.7399999999999599,0.21500000000003,usmpd,-1.3626299944680154,-1.5102874717850459,-0.7335565537689241,0.14370306720972664
ECB,2018-12-13,0.7083333333333333,34,-0.008491161616161619,-0.009934640522875793,-0.22558080504676112,-0.34536252055920924,0.727138353996491,-2.0000000000000018,-2.0000000000000018,0.0,1.000000000000023,daily,-2.488463311082062,-2.718044537604793,-1.4841175194201643,0.02257443995971728
FOMC,2018-12-19,0.4375,7,0.03125,0.07142857142857142,0.06237598872530725,0.14257367117638103,0.5355349521607746,-0.30999999999998,-1.18,-2.50000000000003,-3.01999999999997,usmpd,0.5220807030035175,0.5182948520043605,0.4834970181781195,0.31286014467588646
ECB,2019-01-24,0.5833333333333333,21,-0.008217592592592582,-0.025180375180375192,-0.06533606528627287,-0.11695001507140151,0.7358614839179936,-2.0000000000000018,-4.0000000000000036,-3.999999999999959,-2.9999999999999805,daily,-0.7974732752148546,-0.8835912878089012,-0.34393475068830065,0.21464753251308272
FOMC,2019-01-30,0.5625,9,-0.03125,-0.05555555555555555,-0.08495768827515349,-0.15103573362689027,0.4700852961538556,-3.83,-3.35,-1.79,0.85000000000001,usmpd,-0.9797847360623089,-1.1053182917673676,-0.4923417159619045,0.16097488068423113
ECB,2019-03-07,0.8333333333333334,45,0.02685185185185182,0.04543209876543211,0.038798169049995425,0.07597834688683551,0.7228211390470288,-4.999999999999982,-5.000000000000027,-4.999999999999982,-3.000000000000025,daily,0.3109520665450141,0.28192413258210486,0.34313514608439344,0.2895281389958071
FOMC,2019-03-20,0.375,6,-0.06770833333333331,-0.18055555555555552,-0.21592995123683068,-0.575812621357424,0.49483711152336524,-5.98999999999998,-7.0699999999999905,-4.479999999999991,-2.37999999999996,usmpd,-2.2342050941128995,-2.4155128480467756,-1.2470815663667878,0.1593435492375875
ECB,2019-04-10,0.6976744186046512,30,-0.002540913006029266,-0.006490514905149042,-0.07764480315612912,-0.133204124234334,0.705299811972384,-4.0000000000000036,-3.000000000000025,-2.9999999999999805,-2.0000000000000018,daily,-0.9035114119792845,-1.0288222930978836,-0.43195796106623713,0.19788900499232664
FOMC,2019-05-01,0.4,6,0.07916666666666666,0.17857142857142855,0.11289192944526197,0.2760497821786668,0.5313758671211904,-4.63,-3.66000000000004,-2.15,-0.54000000000002,usmpd,1.1216346862123767,1.1326589124571347,0.8299358779565311,0.33410901919216635
ECB,2019-06-06,0.8076923076923077,42,0.003324388789505084,0.006204906204906185,0.14179884986163632,0.17989013537134785,0.7077335913296968,4.999999999999982,1.9999999999999796,0.0,-0.9999999999999787,daily,1.2663235251142706,1.371497999018762,0.99458109182992,0.3698085816078939
FOMC,2019-06-19,0.625,10,-0.07395833333333335,-0.11388888888888889,-0.16804418213690345,-0.2715522259305645,0.5931429386494141,-7.57000000000001,-5.949999999999981,-3.9699999999999798,-2.30999999999999,usmpd,-1.7298574851945923,-1.9540900215927042,-0.9769317941570957,0.1655664559398367
ECB,2019-07-25,0.7173913043478262,33,-0.0001393534002229746,-0.005905205905205879,-0.07501853125008026,-0.1099618502215771,0.77932350180057,3.0000000000000027,3.0000000000000027,3.000000000000025,2.0000000000000018,daily,-0.9503820829306319,-1.0629679038352449,-0.4783298905752057,0.15732776138595522
FOMC,2019-07-31,0.6111111111111112,11,0.05729166666666667,0.11026936026936028,0.11760356144537178,0.19037803654153856,0.582501764492637,2.5000000000000098,0.16999999999999998,-1.0399999999999698,-2.3800000000000003,usmpd,1.064965363984429,1.1297912096955325,0.8460919061274986,0.36681452578840384
ECB,2019-09-12,0.8135593220338984,48,-0.049263080324244674,-0.05718253968253967,-0.04721837010275805,-0.048540803830079915,0.7520303999168134,4.0000000000000036,4.999999999999982,4.0000000000000036,0.0,daily,-0.6596670624254232,-0.759986529697473,-0.2958230035170337,0.1995801663552811
FOMC,2019-09-18,0.4117647058823529,7,-0.009803921568627444,-0.04464285714285714,-0.031340590437216605,-0.08377239422432986,0.6376016472165794,4.11000000000001,2.83999999999999,2.00499999999999,0.79000000000002,usmpd,-0.4909813654605486,-0.5617501086440417,-0.17278112316092795,0.20581930312567315
FOMC,2019-10-11,1.0,15,-0.3824183006535948,-0.3824183006535948,0.12822941648973582,0.12822941648973582,0.5057457780112488,9.999999999999986,11.00000000000001,9.000000000000007,6.000000000000005,daily,1.0463281971607699,1.0659461220149926,0.7481016902181925,0.2362871781953857
ECB,2019-10-24,0.6666666666666667,30,-0.004344005021971076,-0.01719696969696971,0.05973928557461422,0.12539787483258283,0.7689778322805375,0.0,0.0,0.0,0.9999999999999787,daily,0.49155301244713423,0.47782480751501943,0.44298153493890197,0.27392308133877447
FOMC,2019-10-30,1.0,17,0.39712418300653596,0.39712418300653596,-0.11790600999343487,-0.11790600999343487,0.5445511539026828,1.6,1.1400000000000001,-0.34999999999998,-1.01999999999997,usmpd,-1.4005195796288503,-1.53803326343405,-0.7284912745091463,0.1618577363558105
FOMC,2019-12-11,0.4,6,0.04509803921568627,0.10416666666666666,0.05328616239729693,0.11608176562125058,0.5130878320234308,-0.8099999999999901,-0.74500000000001,-0.16999999999998,0.34999999999998,usmpd,0.43082327111106794,0.4118208866788534,0.40168103562839225,0.2747934018558895
ECB,2019-12-12,0.6851851851851851,37,0.06222222222222221,0.12023809523809528,0.09317731614123827,0.1330677693322146,0.7551509168239701,4.999999999999982,9.000000000000007,10.999999999999988,8.999999999999986,daily,0.7828360211440027,0.7448237417411618,0.531481657625362,0.2001129447119038
ECB,2020-01-23,0.5660377358490566,30,-0.061390635918937814,-0.11112903225806448,-0.07625302259103642,-0.13650663871244872,0.7369268510831414,-2.0000000000000018,-2.0000000000000018,-3.0000000000000027,-4.0000000000000036,daily,-0.910621141135406,-1.0241258860400644,-0.42311040786007637,0.21993774004854763
FOMC,2020-01-29,0.4117647058823529,7,-0.05490196078431371,-0.12380952380952381,-0.04787070607785341,-0.18785312692364514,0.5341543453464831,0.2,-0.33,-0.8599999999999899,-0.5399999999999799,usmpd,-0.6348882245726479,-0.7229330158478182,-0.2596493815952584,0.20359705440863995
FOMC,2020-03-03,0.5454545454545454,6,-0.12388591800356508,-0.19444444444444445,-0.19262118759019708,-0.3609168348023862,0.45062349189245704,-10.08,-5.5699999999999905,-3.25999999999999,-1.65999999999999,usmpd,-1.8812505657534477,-2.224072101262,-1.1475864674026872,0.13998145238238158
ECB,2020-03-12,0.9130434782608696,42,0.00603636860814874,0.007029478458049854,-0.30075812401450785,-0.326400693270499,0.5940173104946374,0.0,0.0,6.000000000000005,18.999999999999993,daily,-3.4683784271355527,-3.762262444348729,-2.4538328089433135,-1.282390823903541
FOMC,2020-03-15,0.8484848484848485,28,0.025252525252525256,0.05952380952380952,0.06927004167951192,0.2199719788859511,0.6136123975231154,-0.2,-2.21999999999999,-1.29,-0.9199999999999869,usmpd,0.5936095281281425,0.6066010127115664,0.5188562257663806,0.29956242163131297
FOMC,2020-03-23,0.782608695652174,18,-0.2189284145805885,-0.28174603174603174,-0.09783751840726734,-0.13909007878207796,0.3680738578546969,-2.41,-5.25999999999999,-8.86,-10.55999999999999,usmpd,-1.1292579641809875,-1.221712735519705,-0.48345433545617106,0.2987815315873855
FOMC,2020-03-31,0.9090909090909091,10,0.10276679841897235,0.1,0.14340569749618895,0.1446644603672956,0.28511822795370456,-0.2,-0.15999999999998998,0.15999999999998998,0.11000000000001,usmpd,1.3848528039704762,1.4321146792266697,1.0024241104665326,0.3495599861168272
FOMC,2020-04-29,1.0,20,0.07803030303030303,0.07803030303030303,-0.20866950194259434,-0.20866950194259434,0.4447720793094759,0.2,1.26999999999999,1.58,1.7500000000000002,usmpd,-2.382400451399997,-2.6359746727833238,-1.4183889666598697,0.014222001215432822
ECB,2020-04-30,0.9393939393939394,61,-0.02023495827843655,-0.02552978808476608,-0.09691200668792549,-0.09965757023837901,0.641110202798535,0.0,0.0,1.0000000000000009,4.0000000000000036,daily,-1.1508604831797598,-1.2798124034647758,-0.6058122233375984,0.10994260820317282
ECB,2020-06-04,0.8253968253968254,52,-0.009331409331409302,-0.012639860139860154,-0.05284710775948981,-0.06391073268384317,0.6552732530827012,0.0,2.0000000000000018,4.999999999999993,5.000000000000004,daily,-0.6854355907736138,-0.7989595173636762,-0.3431844880555242,0.1518401023627165
FOMC,2020-06-10,0.25,5,-0.025,-0.1,-0.03841892509335593,-0.15367580158199418,0.46819235840315626,-0.98999999999999,-1.7500000000000002,-0.57499999999999,1.49999999999999,usmpd,-0.526413811216918,-0.6059738829662691,-0.19990794091530065,0.1945690107541341
ECB,2020-07-16,0.7727272727272727,50,0.057311207311207285,0.07690780141843973,0.14981696529460048,0.2057190018433841,0.6696402099300524,0.0,0.0,-2.0000000000000018,-2.0000000000000018,daily,1.450367515076559,1.5032264912102806,1.0914501345091205,0.39907262198455506
FOMC,2020-07-29,0.19047619047619047,4,0.003968253968253968,0.04166666666666666,0.023534190197443405,0.20399470965033595,0.4533297355629687,-0.29499999999999,-0.9450000000000001,-0.98,-0.59499999999999,usmpd,0.11489681995436582,0.07938403822905926,0.21075257362496316,0.2585615552271624
FOMC,2020-08-27,1.0,15,-0.020634920634920645,-0.020634920634920645,0.255315440799937,0.255315440799937,0.24252079612280714,-0.3,-0.47999999999999,-0.98,-1.02999999999999,usmpd,2.6522973136067307,2.795811434758174,1.8505973888882359,0.5030771278702517
ECB,2020-09-10,0.6212121212121212,41,0.017424242424242425,0.02804878048780489,0.07988926514504288,0.12860235108294032,0.6094640249257559,0.0,-2.0000000000000018,-2.9999999999999916,-2.0000000000000018,daily,0.7034613810120499,0.7260156528078975,0.6092133467409538,0.32065412526093406
FOMC,2020-09-16,1.0,22,-0.006060606060606044,-0.006060606060606044,-0.30105939129244885,-0.30105939129244885,0.46141511691834736,-0.2,0.07999999999999,0.98,1.81,usmpd,-3.458578627639015,-3.771704075923875,-2.116805904759711,-0.12030833027363533
ECB,2020-10-29,0.734375,47,-0.048350694444444425,-0.06317846287451151,-0.07363685160375458,-0.10070233328749201,0.6855390413191427,0.0,3.9999999999999982,5.999999999999995,6.000000000000005,daily,-0.9042601789768632,-1.0573365104778143,-0.4998854838243007,0.11712665430547642
FOMC,2020-11-05,0.2857142857142857,6,-0.005050505050505041,-0.027777777777777762,-0.02054480655328028,-0.07723912133657168,0.4687565623117715,-0.4,0.15999999999998998,0.32999999999998997,0.2,usmpd,-0.344399898925056,-0.42079190807452493,-0.08891872950222837,0.21863292063773088
ECB,2020-12-10,0.9024390243902439,74,0.03215828252032521,0.03345398970398969,0.06339914209016989,0.07593529990360531,0.6752931739944787,-1.9999999999999991,-1.9999999999999962,-2.9999999999999916,-4.0000000000000036,daily,0.5485493192239755,0.5374983752167237,0.4951309148468052,0.3230250922270998
FOMC,2020-12-16,0.2272727272727273,5,-0.021464646464646478,-0.08333333333333334,-0.0181681321127935,-0.10743259142145689,0.46454553762204254,0.2,1.51999999999999,2.82,2.94999999999998,usmpd,-0.32385071965355594,-0.40385078624426757,-0.09088213145359272,0.20099559420588653
ECB,2021-01-21,0.7246376811594203,49,-0.02233415812418993,-0.02732060566161948,0.07186020117465955,0.08825978201190793,0.7556271106315484,0.0,0.0,2.0000000000000018,3.0000000000000027,daily,0.6188974176345781,0.6140412859029204,0.5034629789770533,0.262646002032862
FOMC,2021-01-27,0.38095238095238093,8,-0.0444083694083694,-0.10694444444444445,-0.017146896911646836,-0.047440111460168244,0.465613844140241,-0.18999999999999,-0.32,-0.16999999999999998,-0.06999999999999,usmpd,-0.3104272672368703,-0.37941008665842335,-0.06297755816906742,0.22317619532184732
ECB,2021-03-11,0.7466666666666666,54,0.035748792270531404,0.05177469135802468,0.13324276176301098,0.1886410086633953,0.7527528551196098,-1.9999999999999991,-2.0000000000000018,1.0000000000000009,4.999999999999982,daily,1.3071479820537757,1.3476057779041748,0.9182231053052757,0.2534342367662073
FOMC,2021-03-17,0.1428571428571429,3,0.03809523809523807,0.2666666666666667,-0.0018183002892848132,-0.012728002897347324,0.46744226349748624,-1.41,-3.91,-0.7100000000000101,1.23999999999995,usmpd,-0.14210590436052095,-0.18365310370550866,0.04162182033725222,0.22603742706192254
ECB,2021-04-22,0.6666666666666667,45,-0.00386473429951692,-0.006448801742919397,0.00827771431685044,0.019284684096426502,0.7782731264175102,1.0000000000000009,0.0,0.0,-1.9999999999999574,daily,-0.05331499768319735,-0.09774157262605818,0.10322709389444717,0.2561445398439058
FOMC,2021-04-28,0.2272727272727273,5,0.036616161616161616,0.15833333333333333,0.16363256309410817,0.781505249789916,0.5863222077465914,-0.38999999999999996,-0.47999999999999,-0.36,-0.70000000000001,usmpd,1.6101471092478448,1.6755514803506153,1.1534627246626394,0.3856832055688817
ECB,2021-06-10,0.7142857142857143,60,0.056047273982056584,0.07685185185185187,0.0485285219558897,0.06492494600065078,0.7410667893782672,-1.9999999999999991,-2.0000000000000018,-5.000000000000004,-2.0000000000000018,daily,0.3905785879782375,0.3686564139870654,0.41005087944952445,0.2905327116675679
FOMC,2021-06-16,0.2727272727272727,6,0.0,0.0,0.04828161813731474,0.17703250769651882,0.5655261187979577,2.5999999999999903,7.58999999999999,5.589999999999979,2.85999999999999,usmpd,0.3500259413831399,0.2867688336093286,0.3210040848317727,0.25022492851024103
ECB,2021-07-22,1.0,68,0.021837068160597564,0.021837068160597564,0.00806749936980784,0.00806749936980784,0.6943537831209979,-1.9999999999999991,-3.0000000000000027,-3.0000000000000027,-4.0000000000000036,daily,-0.03486850221431634,-0.07945046262539028,0.12248079630002341,0.2697357925459474
FOMC,2021-07-28,0.2727272727272727,6,0.022727272727272735,0.08333333333333333,-0.0008415591926843047,-0.003086019047865804,0.5636219364789934,0.29,1.9199999999999902,0.33,-0.98,usmpd,-0.14356689754666369,-0.21270586630181337,0.040924217799847035,0.24200991097124128
ECB,2021-09-09,0.9242424242424242,61,-0.02326203208556149,-0.025626680544713343,0.10176908707781908,0.10938238289248631,0.687364279831589,1.0000000000000009,-2.0000000000000018,-5.000000000000004,-5.000000000000004,daily,0.9216823458714658,0.9785703350576401,0.7895914138469142,0.38323606426673096
FOMC,2021-09-22,0.21739130434782605,5,-0.032773386034255586,-0.16666666666666666,0.029855459766701592,0.08425818206233088,0.5890207649310697,0.2,0.15999999999998998,-0.33999999999998,-0.67000000000001,usmpd,0.17732046433237209,0.1420594263277606,0.24791649859588277,0.26419651257016485
ECB,2021-10-28,0.9516129032258065,59,0.03069403714565004,0.032741458165186955,0.18644280138037037,0.19566612850623766,0.7385943896130557,0.0,2.0000000000000018,3.0000000000000027,1.0000000000000009,daily,1.8522159700213754,1.8750228133546993,1.2174631515349745,0.3601326558010021
FOMC,2021-11-03,0.42307692307692313,11,-0.07037346711259755,-0.12594696969696972,0.1302996835609848,0.32374680092189834,0.6947356511485779,0.59,1.7799999999999798,2.81,4.64,usmpd,1.2293271036685351,1.246830958017271,0.8671045970293197,0.2597087661422842
FOMC,2021-12-15,0.375,9,0.11672008547008547,0.2845117845117845,0.01676633213392984,0.04857434295373616,0.645353246464074,2.8299999999999903,2.93999999999998,1.3599999999999999,0.2,usmpd,0.022324190990514692,-0.023555712904453435,0.14961124679684584,0.2476023229040603
ECB,2021-12-16,0.96875,93,-0.052284946236559146,-0.04959905230544924,-0.31356233998114175,-0.3330797493880566,0.727898908556094,-4.999999999999993,-7.000000000000006,-3.0000000000000027,1.0000000000000009,daily,-3.2628200476976956,-3.4217396666088553,-1.9289594192204214,-0.08124339739837719
FOMC,2022-01-26,0.45833333333333337,11,0.052083333333333336,0.11363636363636363,0.0777788594687081,0.16969930795576976,0.659311688439117,-0.19,1.1400000000000001,1.41999999999999,1.02999999999999,usmpd,0.6832217175027013,0.6686671265641939,0.5478768246753107,0.2865536625819326
ECB,2022-02-03,0.9661016949152542,57,0.04512711864406779,0.04504168221973373,0.24232045462913113,0.2437123756120021,0.767315291832021,3.0000000000000027,5.999999999999983,4.0000000000000036,3.000000000000025,daily,2.3514412672427145,2.341292214016712,1.526907460699947,0.3056748145652653
ECB,2022-03-10,0.9625,77,-0.02950211864406778,-0.030762987012987006,-0.0805184953038221,-0.08200835715093466,0.6957015970863366,4.0000000000000036,4.999999999999982,4.0000000000000036,8.999999999999986,daily,-1.0212201462309591,-1.1489653487701617,-0.5276477049113171,0.07460283967979912
FOMC,2022-03-16,0.5,10,0.18055555555555552,0.3285714285714285,0.2495325717799157,0.4824750635953803,0.554499754506115,10.89999999999999,7.08000000000002,4.3999999999999995,3.8599999999999697,usmpd,2.0553883040304872,2.3656834619007285,1.551746882605276,0.26473272300694256
ECB,2022-04-14,0.9206349206349207,58,0.012615740740740719,0.013601532567049823,0.1136925765197197,0.1224597051185482,0.756954802902222,10.000000000000009,12.99999999999999,12.99999999999999,10.999999999999988,daily,0.9130760310332908,0.8943842896848457,0.6102215990391818,0.16317065804939215
FOMC,2022-05-04,0.5,11,-0.03787878787878787,-0.07575757575757575,-0.039326497927686443,-0.10752188903720572,0.5438146485834029,-4.70000000000001,-4.28000000000001,-1.75999999999998,0.34999999999998,usmpd,-0.5066327737035158,-0.5961255842085932,-0.19653309324453838,0.20286765741759316
ECB,2022-06-09,0.95,76,0.060300925925925945,0.06487882842699971,0.12024694923789458,0.12439236977498908,0.695301802941424,5.000000000000027,4.0000000000000036,1.000000000000023,0.0,daily,1.0526136179514727,1.0992523618606909,0.8320643942013914,0.3322484583305597
FOMC,2022-06-15,0.5217391304347826,12,-0.01284584980237155,-0.02651515151515149,0.005920681811719841,-0.0037796118266476553,0.5910060276349266,5.04999999999999,2.30000000000001,1.54,-0.26999999999998997,usmpd,-0.10568676012654288,-0.13984131544779838,0.07713717833736833,0.24240115809094864
ECB,2022-07-21,0.9295774647887324,66,0.014686032863849754,0.014141414141414135,-0.05979925895196336,-0.06197421489159094,0.7718567429891368,-14.999999999999991,-18.000000000000014,-12.99999999999999,-8.999999999999986,daily,-0.6206116388541216,-0.694328006069005,-0.22628887524592212,0.2726849819313018
FOMC,2022-07-27,0.5,9,-0.023349436392914646,-0.04497354497354497,-0.0119525162197463,0.02113562218841658,0.577937764292359,0.20000000000002,0.0,0.18000000000002,0.07999999999999,usmpd,-0.25892630530693334,-0.32363194628369224,-0.031221621585999483,0.22613593968598517
ECB,2022-09-08,0.9384615384615385,61,-0.040599494402311295,-0.04263110676127559,0.006250582771689328,0.007089114213601033,0.8084381043144554,2.9999999999999805,2.0000000000000018,2.0000000000000018,3.000000000000025,daily,-0.08818061464564675,-0.13410337449468002,0.07614803829739732,0.2202078079469655
FOMC,2022-09-21,0.2222222222222222,4,0.027777777777777776,0.125,0.0003929695344090378,0.0017683450641925447,0.5778082031837842,9.38999999999996,4.43999999999999,0.59,-3.89500000000002,usmpd,-0.19301749128697795,-0.21617972269538863,0.0472716936483855,0.26293259970651456
ECB,2022-10-27,0.875,56,-0.033721955128205125,-0.037500000000000006,0.13345245835557584,0.14667405167788922,0.7586425703909011,-8.999999999999986,-11.000000000000032,-8.000000000000007,-7.000000000000028,daily,1.4353053493520742,1.5118707796554114,1.0813968641217182,0.46914035911674085
FOMC,2022-11-02,0.23809523809523814,5,-0.005291005291005291,0.05,0.05829551634087693,0.0932125953695504,0.5807055410610658,-8.72000000000001,-7.719999999999939,-3.50999999999999,2.19999999999993,usmpd,0.5540684903162519,0.5303783469882405,0.4646709319669815,0.26218842476893633
FOMC,2022-12-14,0.1428571428571429,3,0.0,0.0,-5.876175626862157e-06,-4.1133229387924075e-05,0.580701337685285,8.579999999999979,6.04,2.73999999999996,-1.78000000000002,usmpd,-0.1916348842861224,-0.23159512401116628,0.02991767873319797,0.24813683513893312
ECB,2022-12-15,0.9066666666666666,67,0.08014930555555555,0.09187544420753375,-0.08462572563653492,-0.09385642124591137,0.7099409005872682,0.0,-2.0000000000000018,-5.000000000000027,-4.0000000000000036,daily,-1.0204455495464502,-1.1171980051312216,-0.4532830807474099,0.21702507159816686
FOMC,2023-02-01,0.5,11,-0.046897546897546896,-0.10075757575757574,-0.07356898412682936,-0.14141742871744845,0.5828699861347747,1.96999999999993,1.54999999999998,1.65999999999999,1.88000000000001,usmpd,-0.9239790354914558,-1.0311296591542416,-0.4543760899612102,0.1599545102541348
ECB,2023-02-02,0.8552631578947368,65,-0.002476608187134518,-0.002824519230769245,-0.1281037557527554,-0.14956105048933854,0.7553661027891322,0.0,1.000000000000023,0.9999999999999787,0.0,daily,-1.4848915825482956,-1.6549228290416786,-0.8205250336774329,0.13792927189788162
ECB,2023-03-16,0.8676470588235294,59,0.02503869969040249,0.028598532759929175,0.04618819355023518,0.049528029361109116,0.7921161120920867,20.99999999999995,13.000000000000034,5.000000000000027,0.9999999999999787,daily,0.17891307713921484,0.2202877242278139,0.3126338751803577,0.2640263415624631
FOMC,2023-03-22,0.41666666666666663,10,0.08112373737373738,0.18958333333333333,0.06229374513036004,0.09530631736379291,0.5257154715826355,-8.40999999999994,-5.54000000000001,-1.50999999999998,1.04000000000001,usmpd,0.5957739879253383,0.5574965977831907,0.4738227663048447,0.27540378323030174
FOMC,2023-05-03,0.30434782608695654,7,-0.0007548309178743995,0.019345238095238138,-0.011368606379144941,0.009529638771190174,0.5112373727060139,0.0,1.01999999999997,1.88000000000001,2.53999999999998,usmpd,-0.2514395060956547,-0.3241962695066126,-0.03918664869310861,0.20949577143709003
ECB,2023-05-04,0.9384615384615385,61,0.0010105580693815872,0.0014941939890710312,0.07810987564180855,0.08337133567766564,0.7369089376863418,-14.000000000000012,-8.000000000000007,-0.9999999999999787,2.9999999999999805,daily,0.8329134759338147,0.7691206236811416,0.5756554018651046,0.26593282902821824
FOMC,2023-06-14,0.21739130434782605,5,-0.021739130434782622,-0.1,-0.029271888435924542,-0.1346505796187557,0.49298331678636287,11.77500000000009,9.21000000000002,4.85999999999999,1.10000000000001,usmpd,-0.5259769214265237,-0.5857061072383128,-0.18019475310682484,0.20516993340000886
ECB,2023-06-15,0.8846153846153846,69,-0.06863247863247862,-0.07962387853692202,-0.1830838340521157,-0.20480816803015314,0.7734501984199311,-12.00000000000001,-14.999999999999947,-10.999999999999988,-4.999999999999982,daily,-1.7434203423942047,-1.85274061723034,-0.8664843264375224,0.2391214012531077
FOMC,2023-07-26,0.17391304347826086,4,0.0,0.0,0.032787737122461025,0.1885287881250406,0.5158355069322205,0.41999999999999,-0.43999999999995,0.0,-0.74,usmpd,0.2062861131631804,0.1793023047427234,0.2647560779519855,0.2671012675911379
ECB,2023-07-27,0.7971014492753623,54,-0.024804905239687855,-0.0423804012345679,0.06930346571005647,0.07087113967835884,0.7762119318633812,8.999999999999986,15.000000000000036,14.999999999999991,11.999999999999966,daily,0.5040078677446228,0.4386135102264172,0.3598054114605796,0.1732656785767135
ECB,2023-09-14,0.8142857142857143,56,0.0012853692201518219,0.00014880952380953716,-0.019401565265497606,-0.03007449853664315,0.7595057697577298,4.0000000000000036,3.000000000000025,4.0000000000000036,4.999999999999982,daily,-0.36377738485883604,-0.4282147019551504,-0.10749031450076979,0.18536695753163174
FOMC,2023-09-20,0.21739130434782605,5,-0.010869565217391297,-0.05,-0.03890010436652633,-0.1789403459755704,0.49352332683436406,6.524999999999979,6.25,3.00000000000002,0.44000000000004,usmpd,-0.590492243730544,-0.6741998568541396,-0.23116774804332205,0.20249483915561556
ECB,2023-10-26,0.8552631578947368,65,0.010181704260651639,0.011723163841807896,-0.2395572076701922,-0.2778310553012339,0.7750365269615388,-6.00000000000005,-9.999999999999964,-8.999999999999986,-8.000000000000007,daily,-2.4632246628499503,-2.5257585439095127,-1.1839901159532427,0.40906601454565555
FOMC,2023-11-01,0.17391304347826086,4,0.0,0.0,-0.0477489346496599,-0.27455820704926737,0.5186413720672607,-1.4600000000000601,-1.23000000000006,-0.41999999999999,0.72499999999999,usmpd,-0.6197389887472187,-0.7140483430634307,-0.2625274912569588,0.19311613613414916
FOMC,2023-12-13,0.17391304347826086,4,-0.07246376811594202,-0.41666666666666663,-0.037123255670809624,-0.21345863815076882,0.4898573231518351,-13.850000000000051,-12.38999999999999,-8.16999999999996,-5.06999999999999,usmpd,-0.4129669459980791,-0.5088755675532121,-0.1323667528872268,0.24671881732454076
ECB,2023-12-14,0.7407407407407407,60,0.03951700238249946,0.05709595959595959,-0.017895552075031,-0.025296175664896677,0.7249729579968732,-8.999999999999986,-10.000000000000009,-12.00000000000001,-16.000000000000014,daily,-0.25588764118213847,-0.31925900867031265,0.015823673852903578,0.335347997310957
ECB,2024-01-25,0.6491228070175439,35,-0.04975092051115443,-0.104527712724434,-0.03502758737445701,0.024769297100544145,0.7594506255417331,-5.999999999999961,-4.999999999999982,-4.0000000000000036,-3.000000000000025,daily,-0.4948761376234887,-0.5772648688392006,-0.18064931430654196,0.2073329364544621
FOMC,2024-01-31,0.5263157894736843,10,-0.017162471395881007,-0.028571428571428567,0.06194213449405078,0.12851793893215863,0.5056012819995139,1.44000000000001,1.3800000000000199,1.12999999999998,1.1299999999999402,usmpd,0.5099922898167019,0.497985690929441,0.45343074412002626,0.2821065401377071
ECB,2024-03-07,0.6825396825396826,43,0.0023670286828181564,0.0070186465535302806,-0.036735416005907795,-0.0668547958046144,0.7322581518208314,-4.999999999999982,-4.999999999999982,-2.000000000000046,0.9999999999999787,daily,-0.5125738585012529,-0.5962021582999919,-0.19181671849773171,0.20601602537349434
FOMC,2024-03-20,0.10526315789473684,2,0.039473684210526314,0.375,0.00016654026464826832,0.0015821920242160559,0.5058480085771081,-2.7699999999999303,-0.36000000000004,1.5900000000000198,3.21000000000006,usmpd,-0.13016984565543396,-0.18701413164690558,0.04948328873357627,0.23447121942935265
ECB,2024-04-11,0.7049180327868853,43,-0.008023245728163764,-0.011627906976744179,0.10507821521732594,0.14708189766137206,0.7101341242254148,-4.0000000000000036,0.0,0.9999999999999787,1.0000000000000675,daily,0.9569986828133578,0.9763009222221701,0.7354953727305608,0.3153688837053661
FOMC,2024-05-01,0.31818181818181823,7,-0.031698564593301434,-0.125,-0.13226937836030306,-0.3283913197358613,0.5755375988349829,-1.04000000000006,-1.6,-0.8300000000000101,0.0,usmpd,-1.5025639365213541,-1.6555322720624455,-0.8165084187950535,0.13234953957018175
ECB,2024-06-06,0.8552631578947368,65,0.06567083692838654,0.07884615384615384,0.10615410566571756,0.1291693395934551,0.7163762745912771,0.0,-1.9999999999999574,-0.9999999999999787,-1.0000000000000675,daily,0.9681478159875173,0.9882309534173872,0.7425305654199016,0.31619850561666446
FOMC,2024-06-12,0.09999999999999998,2,0.02840909090909091,0.125,0.17742500607247083,1.0904709971837292,0.5071928330059955,1.68000000000008,1.22999999999997,1.15999999999996,1.29999999999999,usmpd,1.7067069892426017,1.7785196546832662,1.2085673429132768,0.37115568151110534
ECB,2024-07-18,0.6029411764705883,41,-0.012448400412796691,-0.0248299319727891,-0.012333286492622636,-0.014507301908408599,0.6885544666983452,4.0000000000000036,4.0000000000000036,4.0000000000000036,4.0000000000000036,daily,-0.2597018378569386,-0.3256186925220208,-0.032252439985125496,0.22483257064241682
FOMC,2024-07-31,0.38095238095238093,8,-0.05853174603174603,-0.15029761904761904,-0.08870654032337674,-0.27022904113982804,0.44718806746581563,1.02999999999999,1.30499999999997,1.3499999999999601,1.18999999999998,usmpd,-1.0511351842314667,-1.172484934380765,-0.5316532459078135,0.16594095680769355
ECB,2024-09-12,0.7215189873417722,57,0.008370563415239517,0.0167302313755403,-0.03207953384641829,-0.04817877962956786,0.7182959931185345,2.0000000000000018,2.0000000000000018,3.000000000000025,4.0000000000000036,daily,-0.4643263344927049,-0.544575322605893,-0.16137214286287996,0.2096061881653567
FOMC,2024-09-18,0.5,10,-0.012301587301587301,-0.028787878787878793,-0.15482956223483293,-0.3015039970470587,0.4962264247282102,-8.58000000000003,-4.83000000000002,-2.82,-0.8699999999999699,usmpd,-1.7363484215743403,-1.9056912894562015,-0.9640283088559299,0.11495332335392096
ECB,2024-10-17,0.6986301369863014,50,-0.0042945494480087915,-0.011547619047619057,-0.04247278824366689,-0.06736673835808427,0.7495358560941379,2.9999999999999805,6.000000000000005,7.000000000000028,8.999999999999986,daily,-0.57202854298528,-0.6598211167890853,-0.22933310251568703,0.2015919227812317
FOMC,2024-11-07,0.2777777777777778,5,0.026851851851851852,0.033333333333333326,-0.016810905698245428,-0.10730311718652957,0.5170464139334426,1.25000000000001,1.41,0.58999999999995,-0.09000000000005,usmpd,-0.30610207581917015,-0.37526885614531486,-0.06153136326968615,0.22137986687598005
ECB,2024-12-12,0.8275862068965517,72,-0.10724820238282684,-0.13652618135376757,0.07337058787178473,0.08070666051084453,0.7174695923495624,2.999999999999936,4.999999999999982,6.00000000000005,6.99999999999994,daily,0.6284219578870054,0.6247103082111275,0.5281608170319118,0.2909190501368375
FOMC,2024-12-18,0.25,5,-0.001851851851851851,0.06666666666666665,-0.0009206218016818944,0.132514799265482,0.4905140569980534,9.08000000000006,8.87999999999999,5.94000000000001,2.74,usmpd,-0.14143578325858808,-0.19906914838672754,0.04237439151024977,0.2336329059442685
FOMC,2025-01-29,0.33333333333333337,6,0.09444444444444444,0.25,0.1687404932896445,0.46215704767018906,0.3952621880476679,2.89999999999999,2.9999999999999303,2.49999999999994,1.30000000000007,usmpd,1.6167119625991657,1.682221273589481,1.151779757400678,0.36445903121148204
ECB,2025-01-30,0.5833333333333333,42,0.07490421455938696,0.1216374269005848,0.15859694182608847,0.24298625625154804,0.6642466789613992,-3.000000000000025,-4.0000000000000036,-3.000000000000025,-3.000000000000025,daily,1.5115973514459653,1.5697443150186345,1.085451592477341,0.35663731240625507
ECB,2025-03-06,0.7468354430379747,59,-0.0958509142053446,-0.13468057366362451,-0.1569939429467188,-0.21277738448705374,0.7054441554786945,-3.000000000000025,-2.000000000000046,0.9999999999999787,0.9999999999999787,daily,-1.7587772560643868,-1.9296910651301333,-0.9781810837820136,0.11328436378126519
FOMC,2025-03-19,0.33333333333333337,7,-0.07539682539682539,-0.17857142857142858,-0.10326749891961329,-0.22210810392919353,0.44492978633116015,-5.10000000000001,-4.69999999999997,-3.5499999999999803,-1.99999999999995,usmpd,-1.2020260735181547,-1.3339443938871256,-0.6268666104461621,0.15471296392142414
ECB,2025-04-17,0.7432432432432432,55,0.003326246680677075,0.004502164502164452,-0.0942888110045758,-0.13382069759075724,0.7459264929112358,4.0000000000000036,4.0000000000000036,4.999999999999982,5.999999999999961,daily,-1.1089825973504657,-1.2343840463827427,-0.5681554287694635,0.16163645342740557
FOMC,2025-05-07,0.35,7,0.026785714285714288,0.05803571428571429,0.09300679136544032,0.24179906248095254,0.4859089008145673,-3.10000000000001,-2.4,-1.6,-1.29999999999999,usmpd,0.8319061026834796,0.8424467149104762,0.656560948728863,0.3060605775083314
ECB,2025-06-05,0.75,60,0.06040661196911197,0.08067680776014109,0.04689553698420708,0.07247938181836043,0.6540387773769355,4.999999999999982,6.000000000000005,3.000000000000025,-0.9999999999999787,daily,0.35406886870444115,0.3311412153207387,0.3550418115303244,0.2705040698273561
FOMC,2025-06-18,0.2777777777777778,5,0.048611111111111105,0.13571428571428573,0.024368405020060074,0.05424359600063845,0.4009500396384548,-2.4,-0.70000000000001,0.19999999999996998,1.19999999999995,usmpd,0.1206268907822414,0.08134869464839017,0.2077380462232666,0.25313334002479565
ECB,2025-07-24,0.8088235294117647,55,0.050827205882352934,0.062150610583446404,-0.023203158269665014,-0.026375088976581064,0.6330298955529181,3.000000000000025,4.0000000000000036,2.999999999999936,0.9999999999999787,daily,-0.3723430906995995,-0.4461494673625121,-0.10332997634046823,0.21645078436229945
FOMC,2025-07-30,0.33333333333333337,7,-0.09523809523809523,-0.29166666666666663,-0.16122152286998387,-0.5077362322413786,0.4361096157255421,-1.00000000000002,-1.00000000000002,-0.40000000000004,0.19999999999996998,usmpd,-1.8025864112059233,-1.9765686635326682,-1.0058250129703623,0.11002446595305324
FOMC,2025-08-22,0.8888888888888888,8,-0.07142857142857142,-0.04166666666666667,-0.012569257790880604,-0.01189998342524632,0.0487196874933013,-10.999999999999988,-10.000000000000009,-7.000000000000028,-4.0000000000000036,daily,-0.2621471383366393,-0.32823526464012254,-0.033795444251852165,0.22465061256316723
ECB,2025-09-11,0.6567164179104478,44,-0.04341893473807434,-0.06635521885521886,0.05288306023451379,0.07865162977079784,0.5532360335376032,-2.0000000000000018,0.0,-3.000000000000025,-4.0000000000000036,daily,0.4161157938359371,0.3975339779528744,0.39419392024249655,0.2751210645132824
FOMC,2025-09-17,0.95,19,-0.03611111111111111,-0.07017543859649122,-0.14126973616787128,-0.14995718803938393,0.5589010005032338,-5.55000000000003,-5.6000000000000005,-4.59999999999998,-3.59999999999995,usmpd,-1.5958319713493196,-1.7553329065721412,-0.8753612987921888,0.12540934035394508
FOMC,2025-10-29,0.5238095238095238,11,0.0123015873015873,0.03636363636363635,-0.009700582079849931,-0.006145919673938516,0.5969697649532344,0.70000000000001,0.49999999999997996,0.8,0.95,usmpd,-0.23241990394807252,-0.29642590080320114,-0.015037320299266695,0.22686265583377932
ECB,2025-10-30,0.6891891891891893,51,-0.029043969342476814,-0.03754456327985736,-0.04737532317729225,-0.06633561645406881,0.5912847646940491,2.0000000000000018,2.0000000000000018,3.000000000000025,4.0000000000000036,daily,-0.6228320564356226,-0.7141829663447038,-0.26139052804245877,0.1978115653964054
FOMC,2025-12-10,0.31818181818181823,7,-0.01911976911976912,-0.031746031746031744,0.05383861124855646,0.2436900011035461,0.531588664273634,-2.20000000000002,-1.39999999999997,-0.19999999999996998,1.20000000000004,usmpd,0.4260178851930928,0.4081296230979653,0.4004422195171438,0.2758578923750766
ECB,2025-12-18,0.782051282051282,61,0.0731981981981982,0.0952689099798677,0.11165272769375269,0.14663950050888055,0.582728157752513,-3.000000000000025,-4.0000000000000036,-4.0000000000000036,-3.000000000000025,daily,1.0251284029576664,1.0492025257770383,0.7784857740109912,0.3204385073038487
FOMC,2026-01-28,0.42105263157894735,8,0.1511164274322169,0.30492424242424243,0.10267178470668292,0.20978448623248946,0.514586969607734,0.15,0.30000000000001,0.30000000000001,0.40000000000004,usmpd,0.9320615581482693,0.9496171728645928,0.7197598465334546,0.3135132789059826
ECB,2026-02-05,0.7121212121212122,47,-0.056818181818181816,-0.08104940497655969,-0.0739582033382117,-0.10644865683031768,0.6291095637957593,-9.999999999999964,-8.999999999999986,-8.000000000000007,-6.00000000000005,daily,-0.8983025483522271,-1.0089477261328224,-0.43521462365488905,0.1773134376549736
FOMC,2026-03-18,0.2857142857142857,6,-0.005012531328320802,0.04166666666666667,0.004646435969644567,0.18852958753511,0.47632568944151454,-0.8999999999999799,-0.9000000000000299,-0.8,-0.30000000000001,usmpd,-0.08374601700632155,-0.13733872501807837,0.07877709793126472,0.23792567861035246
ECB,2026-03-19,0.8314606741573034,74,0.0376234252638747,0.05120561738208798,0.14208362891664705,0.17938468591303874,0.6325082145703012,3.000000000000025,0.9999999999999787,-0.9999999999999787,-4.999999999999982,daily,1.3404747942663184,1.386636138493297,0.9774718828043225,0.3439038540524987
FOMC,2026-04-29,0.47619047619047616,10,-0.047619047619047616,-0.1,0.04782669771555534,0.10043636388945743,0.42323064113044817,2.09999999999999,1.70000000000003,1.20000000000004,0.39999999999994995,usmpd,0.36371821080601796,0.34146640836372255,0.3611306239922025,0.2712220902789941
ECB,2026-04-30,0.7341772151898734,58,0.012338216469918922,0.017069823297306566,0.003910956694301415,0.013043246988560464,0.7012095081365385,-4.0000000000000036,-3.000000000000025,-1.9999999999999574,0.0,daily,-0.0913675702972663,-0.14549410060617513,0.0739678365154849,0.2373585486362527
ECB,2026-06-11,0.7303370786516854,65,-0.04005357227516236,-0.05499525166191832,-0.01668993060629298,-0.015402214287463828,0.6807488684631772,-8.000000000000007,-8.999999999999986,-9.999999999999964,-8.000000000000007,daily,-0.30484844687121326,-0.37392742159406056,-0.06074031332239039,0.22147315108270865
FOMC,2026-06-17,0.8888888888888888,8,0.0,0.0375,0.27596597702174064,0.3161104521888774,0.4927403912187071,7.10000000000006,4.649999999999991,2.4,0.30000000000001,usmpd,2.727857804241284,2.8711930390312785,1.852921718825083,0.4471408794300426
ECB,2026-07-23,0.7887323943661972,53,-0.007197868861106724,-0.01169552856035154,-0.04309307450892241,-0.05315412478517556,0.6354052322296179,6.00000000000005,4.999999999999982,4.0000000000000036,1.9999999999999574,daily,-0.5784563853253382,-0.6666991725479459,-0.23338912272215676,0.20111361843555906
FOMC,2026-07-29,0.5,6,0.041666666666666664,0.16666666666666666,0.0008797475058802129,0.23008562996983528,0.4798353123691649,-4.49999999999999,-1.59999999999991,0.0,2.54999999999991,usmpd,-0.12277909083912616,-0.1791057199222067,0.054146914455879915,0.23502117538026496
ECB,2026-09-10,0.7560975609756098,62,0.04292911943203939,0.062236559139784944,0.09797086671535779,0.13294232893643634,0.6284015866190656,12.99999999999999,13.999999999999968,12.00000000000001,8.999999999999986,daily,0.8833473411901788,0.8974909565137508,0.6890207838945013,0.30988838886754944
