date,1Mo,2Mo,3Mo,4Mo,6Mo,1Yr,2Yr,3Yr,5Yr,7Yr,10Yr,20Yr,30Yr
2024-01-02,5.55,5.54,5.46,5.41,5.24,4.8,4.33,4.09,3.93,3.95,3.95,4.25,4.08
2024-01-03,5.54,5.54,5.48,5.41,5.25,4.81,4.33,4.07,3.9,3.92,3.91,4.21,4.05
2024-01-04,5.56,5.48,5.48,5.41,5.25,4.85,4.38,4.14,3.97,3.99,3.99,4.3,4.13
2024-01-05,5.54,5.48,5.47,5.41,5.24,4.84,4.4,4.17,4.02,4.04,4.05,4.37,4.21
2024-01-08,5.54,5.48,5.49,5.39,5.24,4.82,4.36,4.11,3.97,3.99,4.01,4.33,4.17
2024-01-09,5.53,5.46,5.47,5.38,5.24,4.82,4.36,4.09,3.97,4.0,4.02,4.33,4.18
2024-01-10,5.53,5.46,5.46,5.39,5.23,4.82,4.37,4.1,3.99,4.01,4.04,4.35,4.2
2024-01-11,5.54,5.47,5.46,5.38,5.22,4.75,4.26,4.02,3.9,3.95,3.98,4.32,4.18
2024-01-12,5.55,5.47,5.45,5.37,5.16,4.65,4.14,3.92,3.84,3.91,3.96,4.32,4.2
2024-01-16,5.54,5.47,5.45,5.37,5.18,4.7,4.22,4.02,3.95,4.01,4.07,4.43,4.3
2024-01-17,5.54,5.47,5.47,5.4,5.2,4.8,4.34,4.12,4.02,4.07,4.1,4.42,4.31
2024-01-18,5.53,5.48,5.45,5.39,5.2,4.8,4.34,4.13,4.04,4.1,4.14,4.48,4.37
2024-01-19,5.54,5.47,5.45,5.39,5.21,4.84,4.39,4.18,4.08,4.12,4.15,4.47,4.36
2024-01-22,5.53,5.47,5.46,5.39,5.22,4.83,4.37,4.14,4.03,4.07,4.11,4.44,4.32
2024-01-23,5.53,5.46,5.45,5.38,5.21,4.81,4.31,4.16,4.06,4.11,4.14,4.48,4.38
2024-01-24,5.52,5.44,5.44,5.4,5.22,4.83,4.34,4.19,4.06,4.14,4.18,4.52,4.41
2024-01-25,5.54,5.48,5.44,5.39,5.19,4.76,4.28,4.12,4.01,4.07,4.14,4.49,4.38
2024-01-26,5.54,5.45,5.44,5.39,5.19,4.78,4.34,4.15,4.04,4.1,4.15,4.49,4.38
2024-01-29,5.53,5.46,5.42,5.37,5.19,4.76,4.29,4.1,3.97,4.02,4.08,4.42,4.31
2024-01-30,5.53,5.47,5.42,5.38,5.19,4.8,4.36,4.14,4.0,4.03,4.06,4.4,4.28
2024-01-31,5.53,5.46,5.42,5.4,5.18,4.73,4.27,4.05,3.91,3.95,3.99,4.34,4.22
2024-02-01,5.49,5.51,5.42,5.38,5.15,4.68,4.2,3.96,3.8,3.83,3.87,4.21,4.1
2024-02-02,5.49,5.51,5.43,5.42,5.22,4.81,4.36,4.14,3.99,4.02,4.03,4.33,4.22
2024-02-05,5.49,5.5,5.42,5.42,5.25,4.87,4.46,4.27,4.13,4.16,4.17,4.46,4.35
2024-02-06,5.48,5.5,5.44,5.41,5.23,4.82,4.39,4.14,4.03,4.07,4.09,4.39,4.29
2024-02-07,5.47,5.49,5.43,5.4,5.23,4.83,4.41,4.16,4.06,4.09,4.09,4.41,4.31
2024-02-08,5.49,5.51,5.44,5.42,5.24,4.83,4.46,4.22,4.12,4.15,4.15,4.47,4.36
2024-02-09,5.49,5.51,5.44,5.43,5.26,4.86,4.48,4.25,4.14,4.17,4.17,4.48,4.37
2024-02-12,5.49,5.51,5.43,5.43,5.27,4.87,4.46,4.25,4.13,4.16,4.17,4.48,4.37
2024-02-13,5.48,5.52,5.45,5.46,5.32,4.99,4.64,4.44,4.31,4.33,4.31,4.59,4.46
2024-02-14,5.48,5.51,5.43,5.45,5.31,4.94,4.56,4.38,4.25,4.27,4.27,4.57,4.45
2024-02-15,5.49,5.51,5.43,5.45,5.3,4.93,4.56,4.36,4.22,4.25,4.24,4.54,4.42
2024-02-16,5.48,5.51,5.44,5.45,5.31,4.98,4.64,4.43,4.29,4.31,4.3,4.58,4.45
2024-02-20,5.49,5.49,5.44,5.45,5.32,4.97,4.59,4.38,4.25,4.28,4.27,4.56,4.44
2024-02-21,5.5,5.5,5.44,5.45,5.32,4.98,4.64,4.43,4.3,4.33,4.32,4.59,4.49
2024-02-22,5.49,5.51,5.45,5.45,5.32,5.02,4.69,4.49,4.33,4.35,4.33,4.58,4.47
2024-02-23,5.49,5.51,5.46,5.46,5.32,5.0,4.67,4.45,4.28,4.28,4.26,4.51,4.37
2024-02-26,5.5,5.52,5.47,5.47,5.34,5.03,4.69,4.48,4.29,4.32,4.28,4.53,4.4
2024-02-27,5.5,5.52,5.45,5.47,5.33,5.03,4.7,4.5,4.32,4.34,4.31,4.57,4.44
2024-02-28,5.5,5.51,5.45,5.43,5.31,5.0,4.64,4.44,4.26,4.28,4.27,4.53,4.4
2024-02-29,5.53,5.5,5.45,5.43,5.3,5.01,4.64,4.43,4.26,4.28,4.25,4.51,4.38
2024-03-01,5.54,5.49,5.42,5.41,5.27,4.94,4.54,4.32,4.17,4.2,4.19,4.46,4.33
2024-03-04,5.51,5.49,5.48,5.42,5.37,4.98,4.61,4.39,4.21,4.23,4.22,4.48,4.36
2024-03-05,5.5,5.47,5.47,5.4,5.35,4.94,4.54,4.32,4.13,4.15,4.13,4.39,4.27
2024-03-06,5.5,5.47,5.47,5.4,5.35,4.95,4.55,4.32,4.12,4.12,4.11,4.36,4.24
2024-03-07,5.51,5.48,5.47,5.4,5.34,4.93,4.5,4.28,4.07,4.09,4.09,4.35,4.25
2024-03-08,5.51,5.48,5.46,5.4,5.34,4.92,4.48,4.25,4.06,4.08,4.09,4.36,4.26
2024-03-11,5.5,5.47,5.48,5.41,5.35,4.95,4.51,4.26,4.08,4.09,4.1,4.36,4.26
2024-03-12,5.52,5.48,5.48,5.41,5.37,5.0,4.58,4.33,4.15,4.16,4.16,4.42,4.31
2024-03-13,5.52,5.47,5.48,5.41,5.37,5.01,4.61,4.37,4.19,4.2,4.19,4.45,4.35
2024-03-14,5.52,5.48,5.48,5.42,5.38,5.04,4.68,4.46,4.29,4.3,4.29,4.54,4.44
2024-03-15,5.52,5.48,5.48,5.41,5.38,5.05,4.72,4.51,4.33,4.33,4.31,4.55,4.43
2024-03-18,5.52,5.48,5.48,5.41,5.39,5.06,4.73,4.52,4.36,4.35,4.34,4.57,4.46
2024-03-19,5.52,5.48,5.48,5.41,5.39,5.06,4.68,4.47,4.31,4.31,4.3,4.54,4.44
2024-03-20,5.5,5.47,5.47,5.41,5.36,5.01,4.59,4.41,4.25,4.28,4.27,4.53,4.45
2024-03-21,5.51,5.48,5.48,5.4,5.36,5.01,4.62,4.42,4.26,4.28,4.27,4.53,4.44
2024-03-22,5.51,5.47,5.46,5.4,5.34,4.98,4.59,4.36,4.2,4.22,4.22,4.47,4.39
2024-03-25,5.51,5.48,5.46,5.41,5.36,5.0,4.54,4.39,4.23,4.25,4.25,4.51,4.42
2024-03-26,5.5,5.47,5.46,5.41,5.36,5.0,4.56,4.38,4.22,4.23,4.24,4.49,4.4
2024-03-27,5.5,5.47,5.45,5.41,5.36,4.99,4.54,4.36,4.18,4.18,4.2,4.45,4.36
2024-03-28,5.49,5.48,5.46,5.42,5.38,5.03,4.59,4.4,4.21,4.2,4.2,4.45,4.34
2024-04-01,5.49,5.47,5.44,5.41,5.36,5.06,4.72,4.51,4.34,4.33,4.33,4.58,4.47
2024-04-02,5.49,5.45,5.42,5.4,5.34,5.05,4.7,4.51,4.35,4.37,4.36,4.61,4.51
2024-04-03,5.47,5.44,5.42,5.4,5.33,5.03,4.68,4.48,4.34,4.36,4.36,4.61,4.51
2024-04-04,5.47,5.49,5.41,5.4,5.32,5.0,4.65,4.46,4.3,4.31,4.31,4.57,4.47
2024-04-05,5.47,5.5,5.43,5.41,5.34,5.05,4.73,4.54,4.38,4.39,4.39,4.65,4.54
2024-04-08,5.48,5.49,5.43,5.41,5.35,5.07,4.78,4.6,4.43,4.43,4.42,4.65,4.55
2024-04-09,5.48,5.49,5.43,5.41,5.34,5.03,4.74,4.52,4.37,4.38,4.36,4.6,4.5
2024-04-10,5.49,5.5,5.45,5.44,5.4,5.19,4.97,4.77,4.61,4.59,4.55,4.76,4.64
2024-04-11,5.48,5.51,5.45,5.44,5.38,5.17,4.93,4.77,4.61,4.6,4.56,4.77,4.65
2024-04-12,5.48,5.5,5.45,5.42,5.36,5.13,4.88,4.7,4.54,4.53,4.5,4.73,4.61
2024-04-15,5.49,5.51,5.45,5.44,5.38,5.16,4.93,4.78,4.65,4.65,4.63,4.85,4.74
2024-04-16,5.49,5.51,5.45,5.44,5.39,5.18,4.97,4.83,4.69,4.69,4.67,4.88,4.77
2024-04-17,5.49,5.49,5.45,5.44,5.38,5.16,4.93,4.77,4.62,4.61,4.59,4.81,4.71
2024-04-18,5.49,5.52,5.46,5.44,5.39,5.18,4.98,4.83,4.68,4.67,4.64,4.85,4.74
2024-04-19,5.49,5.51,5.45,5.44,5.39,5.17,4.97,4.81,4.66,4.65,4.62,4.83,4.72
2024-04-22,5.49,5.5,5.42,5.44,5.39,5.16,4.97,4.81,4.66,4.65,4.62,4.84,4.72
2024-04-23,5.49,5.5,5.45,5.44,5.39,5.14,4.86,4.76,4.63,4.62,4.61,4.84,4.73
2024-04-24,5.49,5.5,5.46,5.44,5.4,5.17,4.89,4.78,4.64,4.66,4.65,4.88,4.78
2024-04-25,5.48,5.51,5.47,5.46,5.41,5.21,4.96,4.85,4.7,4.71,4.7,4.93,4.82
2024-04-26,5.48,5.51,5.46,5.45,5.4,5.21,4.96,4.84,4.68,4.68,4.67,4.89,4.78
2024-04-29,5.48,5.51,5.45,5.45,5.43,5.2,4.97,4.8,4.65,4.64,4.63,4.86,4.75
2024-04-30,5.48,5.51,5.46,5.45,5.44,5.25,5.04,4.87,4.72,4.71,4.69,4.9,4.79
2024-05-01,5.47,5.5,5.46,5.51,5.43,5.21,4.96,4.79,4.64,4.64,4.63,4.85,4.74
2024-05-02,5.51,5.47,5.46,5.5,5.42,5.16,4.87,4.71,4.57,4.57,4.58,4.82,4.72
2024-05-03,5.51,5.48,5.45,5.5,5.41,5.12,4.81,4.63,4.48,4.49,4.5,4.75,4.66
2024-05-06,5.51,5.48,5.45,5.5,5.42,5.12,4.82,4.64,4.48,4.48,4.49,4.73,4.64
2024-05-07,5.51,5.48,5.45,5.51,5.41,5.13,4.82,4.6,4.48,4.47,4.47,4.7,4.61
2024-05-08,5.51,5.47,5.45,5.5,5.41,5.13,4.84,4.63,4.5,4.49,4.48,4.73,4.64
2024-05-09,5.51,5.48,5.46,5.5,5.41,5.12,4.8,4.6,4.47,4.46,4.45,4.7,4.6
2024-05-10,5.51,5.47,5.47,5.51,5.43,5.17,4.87,4.65,4.52,4.51,4.5,4.74,4.64
2024-05-13,5.5,5.47,5.45,5.51,5.43,5.16,4.85,4.66,4.5,4.49,4.48,4.72,4.63
2024-05-14,5.5,5.47,5.44,5.51,5.43,5.16,4.81,4.62,4.46,4.45,4.45,4.69,4.59
2024-05-15,5.49,5.46,5.45,5.5,5.4,5.1,4.73,4.51,4.35,4.35,4.36,4.61,4.52
2024-05-16,5.51,5.47,5.45,5.53,5.41,5.13,4.78,4.58,4.4,4.39,4.38,4.62,4.52
2024-05-17,5.5,5.47,5.46,5.5,5.41,5.14,4.83,4.6,4.44,4.43,4.42,4.66,4.56
2024-05-20,5.5,5.47,5.45,5.51,5.43,5.15,4.82,4.62,4.46,4.44,4.44,4.68,4.58
2024-05-21,5.5,5.47,5.45,5.51,5.42,5.14,4.82,4.61,4.43,4.42,4.41,4.65,4.55
2024-05-22,5.49,5.48,5.45,5.5,5.43,5.16,4.86,4.64,4.47,4.44,4.43,4.63,4.55
2024-05-23,5.51,5.48,5.46,5.51,5.44,5.2,4.91,4.71,4.52,4.5,4.47,4.67,4.58
2024-05-24,5.56,5.53,5.46,5.51,5.44,5.21,4.93,4.71,4.53,4.49,4.46,4.65,4.57
2024-05-28,5.5,5.48,5.46,5.51,5.43,5.21,4.94,4.75,4.56,4.56,4.54,4.74,4.66
2024-05-29,5.5,5.48,5.46,5.47,5.43,5.22,4.96,4.79,4.63,4.63,4.61,4.82,4.74
2024-05-30,5.48,5.48,5.46,5.48,5.42,5.19,4.92,4.74,4.57,4.57,4.55,4.76,4.69
2024-05-31,5.48,5.48,5.46,5.46,5.42,5.18,4.89,4.69,4.52,4.52,4.51,4.73,4.65
2024-06-03,5.49,5.49,5.52,5.46,5.39,5.14,4.82,4.62,4.42,4.41,4.41,4.63,4.55
2024-06-04,5.48,5.48,5.52,5.45,5.38,5.11,4.77,4.55,4.35,4.33,4.33,4.56,4.48
2024-06-05,5.48,5.48,5.51,5.46,5.37,5.08,4.72,4.5,4.31,4.29,4.29,4.52,4.44
2024-06-06,5.48,5.47,5.51,5.45,5.36,5.08,4.72,4.49,4.29,4.28,4.28,4.51,4.43
2024-06-07,5.47,5.47,5.52,5.47,5.4,5.17,4.87,4.65,4.46,4.45,4.43,4.64,4.55
2024-06-10,5.47,5.48,5.52,5.46,5.4,5.16,4.87,4.62,4.48,4.47,4.47,4.68,4.59
2024-06-11,5.46,5.47,5.52,5.46,5.39,5.17,4.81,4.57,4.41,4.4,4.39,4.62,4.53
2024-06-12,5.47,5.47,5.51,5.47,5.38,5.13,4.75,4.48,4.32,4.31,4.31,4.56,4.47
2024-06-13,5.47,5.47,5.51,5.45,5.36,5.07,4.68,4.42,4.24,4.23,4.24,4.5,4.4
2024-06-14,5.47,5.47,5.51,5.45,5.36,5.07,4.67,4.41,4.22,4.2,4.2,4.46,4.34
2024-06-17,5.45,5.47,5.52,5.46,5.39,5.11,4.75,4.5,4.3,4.28,4.28,4.52,4.4
2024-06-18,5.4,5.46,5.5,5.45,5.37,5.09,4.69,4.43,4.24,4.22,4.22,4.47,4.36
2024-06-20,5.42,5.46,5.5,5.46,5.37,5.1,4.7,4.45,4.26,4.25,4.25,4.49,4.39
2024-06-21,5.42,5.46,5.49,5.45,5.36,5.1,4.7,4.45,4.26,4.25,4.25,4.49,4.39
2024-06-24,5.42,5.46,5.5,5.45,5.37,5.1,4.71,4.46,4.27,4.25,4.25,4.48,4.38
2024-06-25,5.43,5.46,5.49,5.44,5.37,5.1,4.65,4.45,4.25,4.23,4.23,4.46,4.36
2024-06-26,5.44,5.46,5.5,5.46,5.36,5.13,4.71,4.53,4.32,4.32,4.32,4.55,4.45
2024-06-27,5.48,5.46,5.49,5.45,5.35,5.1,4.7,4.49,4.29,4.27,4.29,4.53,4.43
2024-06-28,5.47,5.47,5.48,5.45,5.33,5.09,4.71,4.52,4.33,4.33,4.36,4.61,4.51
2024-07-01,5.48,5.48,5.47,5.45,5.37,5.1,4.77,4.58,4.44,4.45,4.48,4.76,4.64
2024-07-02,5.48,5.47,5.47,5.44,5.36,5.07,4.74,4.54,4.39,4.4,4.43,4.71,4.6
2024-07-03,5.49,5.54,5.47,5.47,5.36,5.04,4.71,4.48,4.33,4.33,4.36,4.64,4.53
2024-07-05,5.48,5.53,5.46,5.46,5.34,4.98,4.6,4.39,4.22,4.23,4.28,4.57,4.47
2024-07-08,5.48,5.53,5.46,5.46,5.33,4.99,4.62,4.4,4.23,4.23,4.28,4.57,4.46
2024-07-09,5.45,5.51,5.46,5.46,5.34,5.02,4.62,4.37,4.24,4.25,4.3,4.59,4.49
2024-07-10,5.46,5.5,5.46,5.46,5.33,5.01,4.62,4.38,4.24,4.24,4.28,4.58,4.47
2024-07-11,5.48,5.53,5.44,5.41,5.25,4.91,4.5,4.26,4.13,4.15,4.2,4.51,4.41
2024-07-12,5.47,5.52,5.43,5.41,5.23,4.87,4.45,4.22,4.1,4.13,4.18,4.5,4.39
2024-07-15,5.48,5.51,5.43,5.4,5.23,4.85,4.44,4.23,4.13,4.16,4.23,4.56,4.46
2024-07-16,5.48,5.5,5.43,5.4,5.23,4.85,4.43,4.21,4.09,4.11,4.17,4.48,4.38
2024-07-17,5.47,5.5,5.43,5.4,5.23,4.85,4.42,4.19,4.07,4.09,4.16,4.46,4.37
2024-07-18,5.48,5.52,5.43,5.4,5.23,4.86,4.46,4.24,4.11,4.14,4.2,4.51,4.41
2024-07-19,5.48,5.52,5.43,5.39,5.24,4.87,4.49,4.28,4.16,4.18,4.25,4.55,4.45
2024-07-22,5.49,5.51,5.43,5.39,5.24,4.88,4.5,4.29,4.17,4.2,4.26,4.57,4.48
2024-07-23,5.49,5.51,5.41,5.38,5.22,4.85,4.4,4.26,4.15,4.18,4.25,4.56,4.48
2024-07-24,5.5,5.5,5.4,5.37,5.19,4.82,4.37,4.24,4.12,4.2,4.28,4.62,4.54
2024-07-25,5.49,5.52,5.39,5.37,5.19,4.83,4.41,4.26,4.13,4.18,4.27,4.59,4.5
2024-07-26,5.49,5.51,5.38,5.36,5.18,4.79,4.36,4.2,4.06,4.1,4.2,4.53,4.45
2024-07-29,5.5,5.51,5.41,5.36,5.18,4.79,4.36,4.19,4.05,4.08,4.17,4.51,4.42
2024-07-30,5.5,5.5,5.4,5.35,5.16,4.78,4.35,4.16,4.03,4.06,4.15,4.5,4.4
2024-07-31,5.49,5.51,5.41,5.32,5.14,4.73,4.29,4.1,3.97,4.0,4.09,4.44,4.35
2024-08-01,5.55,5.46,5.37,5.28,5.08,4.62,4.16,3.96,3.84,3.89,3.99,4.35,4.27
2024-08-02,5.54,5.43,5.29,5.14,4.88,4.33,3.88,3.7,3.62,3.68,3.8,4.19,4.11
2024-08-05,5.52,5.43,5.35,5.14,4.91,4.34,3.89,3.71,3.62,3.66,3.78,4.16,4.06
2024-08-06,5.5,5.43,5.34,5.18,5.0,4.46,3.99,3.76,3.73,3.79,3.9,4.28,4.18
2024-08-07,5.5,5.43,5.34,5.21,4.99,4.45,4.0,3.81,3.79,3.85,3.96,4.35,4.26
2024-08-08,5.55,5.42,5.34,5.21,5.01,4.48,4.04,3.86,3.83,3.89,3.99,4.38,4.28
2024-08-09,5.54,5.4,5.33,5.22,5.02,4.5,4.05,3.86,3.8,3.85,3.94,4.33,4.23
2024-08-12,5.53,5.4,5.33,5.2,5.02,4.47,4.01,3.82,3.75,3.8,3.9,4.3,4.19
2024-08-13,5.48,5.39,5.32,5.18,4.97,4.4,3.93,3.75,3.68,3.74,3.85,4.25,4.16
2024-08-14,5.49,5.39,5.32,5.21,5.0,4.42,3.94,3.76,3.67,3.72,3.83,4.22,4.12
2024-08-15,5.53,5.4,5.34,5.22,5.04,4.52,4.08,3.9,3.79,3.83,3.92,4.28,4.18
2024-08-16,5.53,5.4,5.33,5.21,5.02,4.49,4.06,3.87,3.77,3.81,3.89,4.26,4.15
2024-08-19,5.51,5.39,5.31,5.19,5.0,4.48,4.06,3.86,3.75,3.78,3.86,4.23,4.11
2024-08-20,5.48,5.36,5.29,5.17,4.97,4.43,3.99,3.8,3.7,3.73,3.82,4.19,4.07
2024-08-21,5.45,5.33,5.26,5.13,4.92,4.36,3.92,3.74,3.64,3.69,3.79,4.15,4.06
2024-08-22,5.51,5.35,5.28,5.15,4.96,4.43,3.99,3.82,3.72,3.77,3.86,4.21,4.13
2024-08-23,5.51,5.35,5.25,5.13,4.92,4.36,3.9,3.73,3.65,3.71,3.81,4.18,4.1
2024-08-26,5.49,5.34,5.24,5.13,4.91,4.38,3.91,3.74,3.66,3.72,3.82,4.19,4.11
2024-08-27,5.49,5.33,5.23,5.12,4.89,4.34,3.83,3.72,3.66,3.73,3.83,4.21,4.13
2024-08-28,5.47,5.33,5.21,5.12,4.87,4.36,3.83,3.72,3.63,3.74,3.84,4.22,4.13
2024-08-29,5.4,5.33,5.22,5.12,4.89,4.38,3.87,3.76,3.66,3.76,3.87,4.24,4.15
2024-08-30,5.41,5.32,5.21,5.12,4.89,4.38,3.91,3.79,3.71,3.8,3.91,4.28,4.2
2024-09-03,5.38,5.31,5.19,5.1,4.8,4.35,3.88,3.73,3.65,3.73,3.84,4.21,4.13
2024-09-04,5.33,5.28,5.18,5.05,4.74,4.23,3.76,3.63,3.56,3.65,3.77,4.14,4.06
2024-09-05,5.3,5.29,5.15,5.04,4.73,4.21,3.75,3.61,3.54,3.63,3.73,4.11,4.02
2024-09-06,5.28,5.28,5.13,5.02,4.69,4.1,3.66,3.54,3.5,3.6,3.72,4.1,4.03
2024-09-09,5.25,5.25,5.11,4.99,4.68,4.12,3.68,3.54,3.49,3.58,3.7,4.08,4.0
2024-09-10,5.18,5.18,5.06,4.92,4.65,4.07,3.59,3.42,3.43,3.53,3.65,4.04,3.97
2024-09-11,5.21,5.19,5.1,4.99,4.72,4.12,3.62,3.45,3.45,3.54,3.65,4.03,3.96
2024-09-12,5.18,5.22,5.06,4.97,4.68,4.09,3.64,3.47,3.47,3.57,3.68,4.07,4.0
2024-09-13,5.15,5.17,4.97,4.92,4.6,4.0,3.57,3.42,3.43,3.53,3.66,4.05,3.98
2024-09-16,5.11,5.1,4.96,4.88,4.55,3.96,3.56,3.42,3.41,3.51,3.63,4.01,3.94
2024-09-17,5.05,5.05,4.95,4.87,4.55,3.99,3.59,3.45,3.44,3.53,3.65,4.02,3.96
2024-09-18,4.91,4.91,4.84,4.76,4.5,3.95,3.61,3.49,3.47,3.58,3.7,4.08,4.03
2024-09-19,4.89,4.91,4.8,4.73,4.46,3.93,3.59,3.47,3.49,3.6,3.73,4.11,4.06
2024-09-20,4.87,4.88,4.75,4.7,4.43,3.92,3.55,3.46,3.48,3.59,3.73,4.1,4.07
2024-09-23,4.85,4.84,4.72,4.65,4.4,3.91,3.57,3.47,3.51,3.62,3.75,4.12,4.09
2024-09-24,4.78,4.78,4.69,4.63,4.36,3.88,3.49,3.44,3.47,3.6,3.74,4.13,4.09
2024-09-25,4.79,4.78,4.69,4.64,4.36,3.89,3.53,3.49,3.52,3.65,3.79,4.18,4.14
2024-09-26,4.9,4.87,4.68,4.65,4.38,3.96,3.6,3.54,3.55,3.65,3.79,4.17,4.12
2024-09-27,4.9,4.87,4.68,4.64,4.35,3.9,3.55,3.49,3.5,3.6,3.75,4.15,4.1
2024-09-30,4.93,4.87,4.73,4.65,4.38,3.98,3.66,3.58,3.58,3.67,3.81,4.19,4.14
2024-10-01,4.96,4.87,4.71,4.63,4.36,3.96,3.61,3.52,3.51,3.6,3.74,4.14,4.08
2024-10-02,4.92,4.83,4.69,4.61,4.36,3.97,3.63,3.54,3.55,3.65,3.79,4.19,4.14
2024-10-03,4.99,4.85,4.68,4.61,4.37,4.02,3.7,3.62,3.62,3.71,3.85,4.24,4.18
2024-10-04,5.01,4.88,4.73,4.68,4.45,4.2,3.93,3.84,3.81,3.88,3.98,4.33,4.26
2024-10-07,5.0,4.87,4.77,4.67,4.45,4.24,3.99,3.89,3.86,3.92,4.03,4.37,4.3
2024-10-08,4.96,4.85,4.75,4.65,4.44,4.21,3.98,3.86,3.86,3.94,4.04,4.38,4.32
2024-10-09,4.93,4.84,4.75,4.65,4.46,4.24,3.99,3.89,3.91,3.97,4.06,4.41,4.34
2024-10-10,4.98,4.84,4.75,4.65,4.45,4.22,3.98,3.88,3.91,3.99,4.09,4.44,4.38
2024-10-11,4.97,4.82,4.73,4.65,4.44,4.18,3.95,3.85,3.88,3.97,4.08,4.44,4.39
2024-10-15,4.93,4.82,4.73,4.65,4.42,4.18,3.95,3.86,3.86,3.93,4.03,4.37,4.32
2024-10-16,4.91,4.8,4.72,4.63,4.42,4.17,3.93,3.84,3.84,3.92,4.02,4.36,4.3
2024-10-17,4.93,4.83,4.74,4.65,4.45,4.21,3.96,3.89,3.9,3.99,4.09,4.44,4.39
2024-10-18,4.92,4.82,4.73,4.65,4.45,4.19,3.95,3.86,3.88,3.97,4.08,4.44,4.38
2024-10-21,4.92,4.82,4.73,4.66,4.47,4.24,4.02,3.95,3.98,4.07,4.19,4.54,4.49
2024-10-22,4.89,4.81,4.72,4.66,4.47,4.24,4.03,3.98,4.0,4.1,4.2,4.55,4.49
2024-10-23,4.88,4.8,4.73,4.66,4.48,4.27,4.07,4.03,4.05,4.14,4.24,4.58,4.51
2024-10-24,4.87,4.78,4.7,4.65,4.48,4.25,4.07,4.02,4.03,4.12,4.21,4.54,4.47
2024-10-25,4.89,4.79,4.73,4.68,4.51,4.29,4.11,4.05,4.07,4.15,4.25,4.58,4.51
2024-10-28,4.88,4.77,4.7,4.65,4.46,4.28,4.12,4.09,4.11,4.19,4.28,4.61,4.53
2024-10-29,4.88,4.77,4.7,4.64,4.45,4.29,4.11,4.08,4.11,4.18,4.28,4.61,4.52
2024-10-30,4.87,4.77,4.67,4.57,4.44,4.28,4.15,4.14,4.14,4.2,4.29,4.6,4.49
2024-10-31,4.76,4.76,4.64,4.56,4.43,4.27,4.16,4.12,4.15,4.21,4.28,4.58,4.47
2024-11-01,4.75,4.74,4.61,4.53,4.42,4.28,4.21,4.18,4.22,4.3,4.37,4.68,4.57
2024-11-04,4.75,4.74,4.65,4.51,4.39,4.25,4.17,4.1,4.17,4.24,4.31,4.6,4.5
2024-11-05,4.72,4.72,4.64,4.49,4.39,4.27,4.19,4.11,4.16,4.22,4.26,4.55,4.44
2024-11-06,4.68,4.71,4.64,4.54,4.41,4.31,4.27,4.2,4.27,4.37,4.42,4.71,4.6
2024-11-07,4.69,4.69,4.63,4.52,4.4,4.28,4.21,4.13,4.17,4.25,4.31,4.62,4.52
2024-11-08,4.7,4.69,4.63,4.53,4.42,4.32,4.26,4.18,4.2,4.25,4.3,4.58,4.47
2024-11-12,4.7,4.7,4.63,4.54,4.45,4.38,4.34,4.29,4.32,4.38,4.43,4.7,4.58
2024-11-13,4.69,4.67,4.6,4.5,4.4,4.31,4.27,4.25,4.3,4.38,4.44,4.73,4.63
2024-11-14,4.7,4.68,4.61,4.53,4.43,4.36,4.34,4.3,4.32,4.38,4.43,4.69,4.58
2024-11-15,4.7,4.67,4.6,4.52,4.44,4.34,4.31,4.27,4.3,4.36,4.43,4.7,4.6
2024-11-18,4.7,4.65,4.63,4.52,4.44,4.33,4.29,4.25,4.28,4.35,4.42,4.7,4.61
2024-11-19,4.67,4.63,4.62,4.51,4.44,4.34,4.27,4.24,4.25,4.32,4.39,4.66,4.57
2024-11-20,4.68,4.63,4.62,4.52,4.44,4.37,4.31,4.26,4.28,4.34,4.41,4.66,4.59
2024-11-21,4.72,4.67,4.63,4.52,4.45,4.39,4.34,4.3,4.3,4.36,4.43,4.68,4.61
2024-11-22,4.72,4.67,4.63,4.53,4.46,4.42,4.37,4.32,4.3,4.35,4.41,4.67,4.6
2024-11-25,4.74,4.67,4.62,4.52,4.46,4.37,4.21,4.21,4.17,4.21,4.27,4.53,4.45
2024-11-26,4.74,4.67,4.61,4.52,4.45,4.37,4.21,4.21,4.17,4.24,4.3,4.56,4.48
2024-11-27,4.76,4.7,4.6,4.54,4.43,4.34,4.19,4.17,4.11,4.17,4.25,4.52,4.44
2024-11-29,4.76,4.69,4.58,4.52,4.42,4.3,4.13,4.1,4.05,4.1,4.18,4.45,4.36
2024-12-02,4.75,4.63,4.51,4.51,4.43,4.3,4.17,4.11,4.08,4.13,4.19,4.46,4.36
2024-12-03,4.66,4.56,4.49,4.48,4.4,4.27,4.17,4.13,4.11,4.17,4.23,4.5,4.4
2024-12-04,4.65,4.54,4.47,4.46,4.38,4.23,4.13,4.09,4.07,4.13,4.19,4.45,4.35
2024-12-05,4.59,4.53,4.46,4.46,4.38,4.23,4.15,4.1,4.07,4.12,4.17,4.43,4.33
2024-12-06,4.57,4.5,4.42,4.42,4.34,4.19,4.1,4.05,4.03,4.09,4.15,4.42,4.34
2024-12-09,4.56,4.5,4.42,4.43,4.34,4.2,4.13,4.09,4.07,4.13,4.2,4.47,4.39
2024-12-10,4.53,4.48,4.41,4.42,4.35,4.22,4.15,4.08,4.09,4.15,4.22,4.49,4.41
2024-12-11,4.49,4.45,4.38,4.38,4.32,4.21,4.15,4.09,4.13,4.2,4.26,4.55,4.48
2024-12-12,4.43,4.44,4.35,4.36,4.31,4.22,4.18,4.14,4.18,4.25,4.32,4.62,4.55
2024-12-13,4.43,4.43,4.34,4.36,4.32,4.24,4.25,4.21,4.25,4.33,4.4,4.69,4.61
2024-12-16,4.43,4.44,4.37,4.36,4.3,4.24,4.25,4.22,4.25,4.32,4.39,4.68,4.6
2024-12-17,4.46,4.44,4.38,4.36,4.3,4.25,4.25,4.22,4.26,4.33,4.4,4.68,4.59
2024-12-18,4.44,4.43,4.36,4.36,4.3,4.3,4.35,4.35,4.4,4.45,4.5,4.74,4.65
2024-12-19,4.42,4.42,4.35,4.35,4.29,4.28,4.32,4.35,4.43,4.51,4.57,4.82,4.74
2024-12-20,4.43,4.42,4.34,4.35,4.29,4.27,4.3,4.32,4.37,4.45,4.52,4.79,4.72
2024-12-23,4.44,4.44,4.36,4.37,4.3,4.26,4.3,4.36,4.44,4.52,4.59,4.85,4.78
2024-12-24,4.44,4.44,4.4,4.38,4.3,4.24,4.29,4.36,4.43,4.52,4.59,4.84,4.76
2024-12-26,4.45,4.45,4.35,4.37,4.31,4.23,4.3,4.35,4.42,4.49,4.58,4.83,4.76
2024-12-27,4.44,4.43,4.31,4.35,4.29,4.2,4.31,4.36,4.45,4.53,4.62,4.89,4.82
2024-12-30,4.43,4.42,4.37,4.33,4.25,4.17,4.24,4.29,4.37,4.46,4.55,4.84,4.77
2024-12-31,4.4,4.39,4.37,4.32,4.24,4.16,4.25,4.27,4.38,4.48,4.58,4.86,4.78
2025-01-02,4.45,4.36,4.36,4.31,4.25,4.17,4.25,4.29,4.38,4.47,4.57,4.86,4.79
2025-01-03,4.44,4.35,4.34,4.31,4.25,4.18,4.28,4.32,4.41,4.51,4.6,4.88,4.82
2025-01-06,4.43,4.36,4.35,4.31,4.24,4.17,4.28,4.3,4.42,4.52,4.62,4.91,4.85
2025-01-07,4.42,4.35,4.35,4.31,4.24,4.19,4.3,4.33,4.46,4.57,4.67,4.97,4.91
2025-01-08,4.41,4.34,4.35,4.31,4.25,4.19,4.28,4.31,4.45,4.56,4.67,4.97,4.91
2025-01-09,4.44,4.36,4.35,4.31,4.24,4.16,4.27,4.31,4.46,4.57,4.68,4.98,4.92
2025-01-10,4.42,4.35,4.36,4.33,4.27,4.25,4.4,4.46,4.59,4.7,4.77,5.04,4.96
2025-01-13,4.42,4.36,4.37,4.34,4.3,4.24,4.4,4.49,4.61,4.71,4.79,5.05,4.97
2025-01-14,4.42,4.35,4.36,4.33,4.29,4.22,4.37,4.46,4.59,4.7,4.78,5.06,4.98
2025-01-15,4.4,4.34,4.35,4.32,4.26,4.19,4.27,4.34,4.45,4.55,4.66,4.95,4.88
2025-01-16,4.43,4.36,4.34,4.32,4.26,4.18,4.23,4.29,4.39,4.5,4.61,4.91,4.84
2025-01-17,4.43,4.35,4.34,4.32,4.28,4.21,4.27,4.33,4.42,4.52,4.61,4.91,4.84
2025-01-21,4.42,4.35,4.36,4.33,4.28,4.21,4.29,4.33,4.4,4.49,4.57,4.87,4.8
2025-01-22,4.42,4.35,4.36,4.32,4.28,4.2,4.29,4.34,4.43,4.51,4.6,4.89,4.82
2025-01-23,4.45,4.36,4.36,4.32,4.27,4.18,4.29,4.35,4.45,4.55,4.65,4.92,4.87
2025-01-24,4.45,4.36,4.35,4.32,4.25,4.17,4.27,4.33,4.43,4.53,4.63,4.91,4.85
2025-01-27,4.44,4.36,4.32,4.3,4.25,4.13,4.17,4.24,4.32,4.43,4.53,4.82,4.76
2025-01-28,4.44,4.35,4.31,4.3,4.26,4.14,4.19,4.25,4.33,4.43,4.55,4.84,4.78
2025-01-29,4.43,4.34,4.31,4.34,4.27,4.17,4.21,4.27,4.35,4.44,4.55,4.85,4.79
2025-01-30,4.37,4.38,4.3,4.33,4.27,4.16,4.18,4.24,4.31,4.41,4.52,4.81,4.76
2025-01-31,4.37,4.37,4.31,4.33,4.28,4.17,4.22,4.27,4.36,4.47,4.58,4.88,4.83
2025-02-03,4.37,4.38,4.34,4.35,4.28,4.2,4.26,4.28,4.35,4.45,4.54,4.82,4.77
2025-02-04,4.36,4.38,4.33,4.35,4.27,4.18,4.21,4.25,4.31,4.42,4.52,4.81,4.75
2025-02-05,4.35,4.37,4.33,4.35,4.27,4.17,4.17,4.19,4.24,4.33,4.43,4.69,4.64
2025-02-06,4.37,4.38,4.34,4.36,4.28,4.19,4.21,4.23,4.28,4.36,4.45,4.7,4.65
2025-02-07,4.37,4.38,4.35,4.37,4.3,4.25,4.29,4.31,4.34,4.42,4.49,4.75,4.69
2025-02-10,4.38,4.4,4.35,4.37,4.31,4.24,4.28,4.3,4.34,4.42,4.51,4.76,4.71
2025-02-11,4.38,4.4,4.35,4.37,4.31,4.25,4.29,4.28,4.37,4.45,4.54,4.8,4.75
2025-02-12,4.38,4.39,4.35,4.36,4.33,4.3,4.36,4.37,4.48,4.56,4.62,4.9,4.83
2025-02-13,4.37,4.39,4.34,4.35,4.33,4.27,4.31,4.31,4.39,4.46,4.52,4.79,4.72
2025-02-14,4.37,4.38,4.34,4.35,4.32,4.23,4.26,4.26,4.33,4.41,4.47,4.75,4.69
2025-02-18,4.38,4.38,4.34,4.37,4.34,4.24,4.29,4.33,4.4,4.48,4.55,4.83,4.77
2025-02-19,4.38,4.38,4.34,4.35,4.34,4.22,4.28,4.3,4.37,4.46,4.53,4.79,4.76
2025-02-20,4.37,4.38,4.33,4.35,4.33,4.2,4.28,4.27,4.34,4.43,4.5,4.77,4.74
2025-02-21,4.36,4.38,4.32,4.34,4.3,4.15,4.19,4.19,4.26,4.35,4.42,4.69,4.67
2025-02-24,4.36,4.37,4.31,4.34,4.3,4.15,4.13,4.17,4.23,4.32,4.4,4.69,4.66
2025-02-25,4.34,4.37,4.3,4.33,4.28,4.12,4.07,4.08,4.12,4.21,4.3,4.59,4.55
2025-02-26,4.35,4.37,4.31,4.32,4.28,4.12,4.05,4.04,4.06,4.16,4.25,4.55,4.51
2025-02-27,4.38,4.38,4.32,4.32,4.28,4.13,4.07,4.05,4.09,4.19,4.29,4.59,4.56
2025-02-28,4.38,4.38,4.32,4.32,4.25,4.08,3.99,3.99,4.03,4.14,4.24,4.55,4.51
2025-03-03,4.38,4.37,4.35,4.31,4.31,4.06,3.96,3.93,3.97,4.06,4.16,4.49,4.45
2025-03-04,4.39,4.37,4.34,4.31,4.28,4.04,3.96,3.94,4.01,4.11,4.22,4.56,4.53
2025-03-05,4.38,4.36,4.35,4.3,4.3,4.06,3.99,4.01,4.08,4.18,4.28,4.61,4.57
2025-03-06,4.38,4.34,4.34,4.28,4.27,4.02,3.96,3.98,4.06,4.18,4.29,4.63,4.58
2025-03-07,4.38,4.33,4.34,4.29,4.29,4.05,3.99,4.01,4.09,4.21,4.32,4.66,4.62
2025-03-10,4.37,4.34,4.33,4.28,4.25,3.98,3.89,3.91,3.98,4.1,4.22,4.58,4.54
2025-03-11,4.37,4.33,4.34,4.28,4.26,4.03,3.94,3.92,4.03,4.16,4.28,4.63,4.59
2025-03-12,4.36,4.34,4.35,4.3,4.27,4.07,4.01,3.98,4.09,4.2,4.32,4.67,4.63
2025-03-13,4.37,4.34,4.34,4.28,4.27,4.03,3.94,3.93,4.02,4.15,4.27,4.63,4.59
2025-03-14,4.37,4.33,4.33,4.3,4.29,4.09,4.02,4.0,4.09,4.2,4.31,4.65,4.62
2025-03-17,4.37,4.33,4.34,4.3,4.29,4.11,4.06,4.03,4.11,4.21,4.31,4.64,4.6
2025-03-18,4.37,4.33,4.34,4.29,4.29,4.13,4.04,4.01,4.07,4.18,4.29,4.61,4.58
2025-03-19,4.37,4.32,4.33,4.3,4.29,4.1,3.99,3.95,4.03,4.14,4.25,4.58,4.56
2025-03-20,4.36,4.34,4.33,4.29,4.27,4.06,3.95,3.93,4.01,4.12,4.24,4.57,4.55
2025-03-21,4.36,4.33,4.33,4.29,4.26,4.04,3.94,3.92,4.0,4.12,4.25,4.6,4.59
2025-03-24,4.35,4.34,4.33,4.3,4.27,4.11,4.04,4.01,4.09,4.22,4.34,4.68,4.66
2025-03-25,4.36,4.33,4.33,4.3,4.26,4.09,3.96,3.98,4.07,4.19,4.31,4.67,4.65
2025-03-26,4.36,4.33,4.33,4.31,4.26,4.1,3.98,4.01,4.08,4.22,4.35,4.71,4.69
2025-03-27,4.37,4.36,4.33,4.31,4.27,4.1,3.97,4.0,4.09,4.23,4.38,4.75,4.73
2025-03-28,4.38,4.35,4.33,4.3,4.26,4.04,3.89,3.91,3.98,4.11,4.27,4.65,4.64
2025-03-31,4.38,4.35,4.32,4.31,4.23,4.03,3.89,3.89,3.96,4.09,4.23,4.62,4.59
2025-04-01,4.38,4.35,4.32,4.3,4.23,4.01,3.87,3.85,3.91,4.03,4.17,4.56,4.52
2025-04-02,4.38,4.34,4.32,4.32,4.24,4.04,3.91,3.89,3.95,4.07,4.2,4.58,4.54
2025-04-03,4.36,4.38,4.31,4.29,4.2,3.92,3.71,3.68,3.75,3.88,4.06,4.51,4.49
2025-04-04,4.36,4.36,4.28,4.25,4.14,3.86,3.68,3.66,3.72,3.84,4.01,4.44,4.41
2025-04-07,4.36,4.36,4.29,4.28,4.14,3.86,3.73,3.72,3.82,3.97,4.15,4.61,4.58
2025-04-08,4.36,4.37,4.31,4.3,4.14,3.83,3.71,3.71,3.88,4.05,4.26,4.76,4.71
2025-04-09,4.36,4.37,4.35,4.36,4.23,4.03,3.91,3.91,4.06,4.2,4.34,4.78,4.72
2025-04-10,4.36,4.39,4.34,4.33,4.17,3.97,3.84,3.85,4.04,4.21,4.4,4.9,4.86
2025-04-11,4.37,4.38,4.34,4.35,4.21,4.04,3.96,3.98,4.15,4.32,4.48,4.91,4.85
2025-04-14,4.34,4.37,4.33,4.34,4.21,3.99,3.84,3.87,4.02,4.2,4.38,4.84,4.8
2025-04-15,4.35,4.36,4.33,4.32,4.21,3.99,3.84,3.85,3.98,4.15,4.35,4.82,4.79
2025-04-16,4.35,4.35,4.33,4.34,4.2,3.96,3.77,3.77,3.91,4.08,4.29,4.77,4.74
2025-04-17,4.36,4.38,4.34,4.35,4.22,3.99,3.81,3.82,3.95,4.13,4.34,4.82,4.8
2025-04-21,4.35,4.37,4.34,4.33,4.21,3.95,3.75,3.77,3.97,4.19,4.42,4.94,4.91
2025-04-22,4.33,4.35,4.33,4.33,4.21,3.98,3.76,3.82,3.98,4.19,4.41,4.9,4.88
2025-04-23,4.33,4.34,4.33,4.33,4.22,4.01,3.81,3.87,4.0,4.2,4.4,4.86,4.83
2025-04-24,4.34,4.37,4.32,4.32,4.22,3.97,3.77,3.8,3.91,4.11,4.32,4.79,4.77
2025-04-25,4.34,4.36,4.32,4.32,4.22,3.95,3.74,3.76,3.88,4.06,4.29,4.75,4.74
2025-04-28,4.35,4.37,4.32,4.32,4.22,3.92,3.67,3.67,3.81,4.01,4.23,4.71,4.69
2025-04-29,4.35,4.36,4.31,4.3,4.2,3.89,3.65,3.65,3.77,3.96,4.19,4.66,4.64
2025-04-30,4.35,4.36,4.31,4.37,4.19,3.85,3.6,3.58,3.72,3.93,4.17,4.68,4.66
2025-05-01,4.38,4.34,4.31,4.38,4.22,3.92,3.7,3.69,3.81,4.02,4.25,4.75,4.74
2025-05-02,4.38,4.34,4.33,4.41,4.26,4.0,3.83,3.82,3.92,4.11,4.33,4.81,4.79
2025-05-05,4.38,4.34,4.33,4.4,4.27,4.02,3.83,3.78,3.95,4.14,4.36,4.84,4.83
2025-05-06,4.37,4.33,4.33,4.38,4.25,3.98,3.78,3.73,3.9,4.1,4.3,4.82,4.81
2025-05-07,4.37,4.33,4.34,4.39,4.27,4.0,3.78,3.72,3.87,4.06,4.26,4.78,4.77
2025-05-08,4.37,4.35,4.34,4.4,4.28,4.05,3.9,3.85,4.0,4.18,4.37,4.86,4.83
2025-05-09,4.37,4.34,4.34,4.4,4.28,4.05,3.88,3.85,4.0,4.18,4.37,4.86,4.83
2025-05-12,4.38,4.36,4.42,4.45,4.29,4.11,3.98,3.97,4.09,4.27,4.45,4.92,4.89
2025-05-13,4.39,4.35,4.41,4.45,4.29,4.11,4.02,4.0,4.12,4.3,4.49,4.97,4.94
2025-05-14,4.39,4.36,4.41,4.44,4.3,4.14,4.05,4.05,4.17,4.35,4.53,5.0,4.97
2025-05-15,4.37,4.35,4.38,4.43,4.29,4.1,3.96,3.95,4.07,4.25,4.45,4.93,4.91
2025-05-16,4.37,4.34,4.37,4.42,4.3,4.13,3.98,3.95,4.06,4.24,4.43,4.92,4.89
2025-05-19,4.37,4.35,4.39,4.42,4.32,4.12,3.97,3.95,4.07,4.26,4.46,4.95,4.92
2025-05-20,4.36,4.34,4.38,4.42,4.32,4.12,3.97,3.95,4.07,4.27,4.48,4.99,4.96
2025-05-21,4.35,4.34,4.36,4.42,4.33,4.13,4.0,4.0,4.15,4.37,4.58,5.08,5.08
2025-05-22,4.37,4.35,4.37,4.42,4.34,4.13,4.0,3.99,4.11,4.32,4.54,5.05,5.05
2025-05-23,4.36,4.35,4.36,4.43,4.35,4.15,4.0,3.96,4.08,4.29,4.51,5.03,5.04
2025-05-27,4.35,4.35,4.35,4.43,4.35,4.14,3.92,3.93,4.04,4.22,4.43,4.95,4.94
2025-05-28,4.35,4.35,4.35,4.38,4.36,4.16,3.96,3.95,4.05,4.27,4.47,4.99,4.97
2025-05-29,4.34,4.35,4.36,4.39,4.36,4.13,3.92,3.91,4.0,4.2,4.43,4.94,4.92
2025-05-30,4.33,4.35,4.36,4.39,4.36,4.11,3.89,3.87,3.96,4.18,4.41,4.93,4.92
2025-06-02,4.33,4.36,4.44,4.38,4.31,4.12,3.94,3.91,4.01,4.22,4.46,5.0,4.99
2025-06-03,4.33,4.35,4.43,4.38,4.31,4.12,3.96,3.93,4.04,4.23,4.46,5.0,4.98
2025-06-04,4.32,4.35,4.44,4.37,4.29,4.06,3.87,3.84,3.93,4.14,4.37,4.9,4.89
2025-06-05,4.26,4.35,4.44,4.37,4.29,4.08,3.92,3.9,3.99,4.18,4.4,4.9,4.88
2025-06-06,4.28,4.35,4.43,4.38,4.31,4.14,4.04,4.02,4.13,4.31,4.51,4.99,4.97
2025-06-09,4.29,4.36,4.44,4.38,4.32,4.13,4.01,3.99,4.09,4.28,4.49,4.98,4.95
2025-06-10,4.29,4.37,4.45,4.38,4.32,4.12,4.01,3.95,4.08,4.27,4.47,4.96,4.93
2025-06-11,4.3,4.39,4.45,4.39,4.31,4.08,3.94,3.89,4.02,4.21,4.41,4.93,4.91
2025-06-12,4.18,4.49,4.46,4.4,4.29,4.06,3.9,3.85,3.97,4.15,4.36,4.86,4.84
2025-06-13,4.23,4.48,4.45,4.4,4.3,4.09,3.96,3.9,4.02,4.2,4.41,4.93,4.9
2025-06-16,4.24,4.47,4.43,4.4,4.32,4.1,3.97,3.93,4.04,4.23,4.46,4.97,4.96
2025-06-17,4.23,4.46,4.42,4.39,4.31,4.1,3.94,3.9,3.99,4.17,4.39,4.89,4.88
2025-06-18,4.2,4.58,4.42,4.41,4.33,4.1,3.94,3.89,3.98,4.17,4.38,4.89,4.88
2025-06-20,4.2,4.55,4.39,4.4,4.29,4.07,3.9,3.86,3.96,4.16,4.38,4.9,4.89
2025-06-23,4.2,4.52,4.38,4.37,4.28,4.0,3.84,3.8,3.91,4.1,4.34,4.87,4.87
2025-06-24,4.21,4.44,4.38,4.37,4.27,3.99,3.75,3.75,3.86,4.06,4.3,4.83,4.83
2025-06-25,4.21,4.43,4.38,4.36,4.26,3.99,3.74,3.74,3.83,4.05,4.29,4.83,4.83
2025-06-26,4.11,4.49,4.39,4.36,4.26,3.96,3.7,3.68,3.79,4.0,4.26,4.81,4.81
2025-06-27,4.19,4.49,4.39,4.36,4.26,3.97,3.73,3.72,3.83,4.03,4.29,4.85,4.85
2025-06-30,4.28,4.45,4.41,4.36,4.29,3.96,3.72,3.68,3.79,3.98,4.24,4.79,4.78
2025-07-01,4.32,4.42,4.4,4.35,4.29,3.98,3.78,3.75,3.84,4.03,4.26,4.79,4.78
2025-07-02,4.33,4.43,4.41,4.37,4.28,3.99,3.78,3.77,3.87,4.06,4.3,4.84,4.82
2025-07-03,4.35,4.5,4.42,4.41,4.34,4.07,3.88,3.84,3.94,4.12,4.35,4.87,4.86
2025-07-07,4.37,4.45,4.42,4.41,4.33,4.08,3.9,3.85,3.96,4.16,4.4,4.93,4.92
2025-07-08,4.36,4.46,4.42,4.42,4.34,4.11,3.9,3.86,3.99,4.18,4.42,4.95,4.94
2025-07-09,4.36,4.45,4.42,4.42,4.31,4.07,3.86,3.8,3.92,4.11,4.34,4.87,4.87
2025-07-10,4.36,4.47,4.42,4.42,4.31,4.07,3.86,3.82,3.93,4.12,4.35,4.87,4.86
2025-07-11,4.37,4.47,4.41,4.42,4.31,4.09,3.9,3.86,3.99,4.19,4.43,4.96,4.96
2025-07-14,4.37,4.46,4.42,4.42,4.31,4.08,3.9,3.86,3.98,4.19,4.43,4.97,4.97
2025-07-15,4.36,4.46,4.42,4.43,4.33,4.12,3.95,3.93,4.05,4.26,4.5,5.02,5.01
2025-07-16,4.36,4.45,4.41,4.42,4.31,4.08,3.88,3.86,3.99,4.21,4.46,5.01,5.01
2025-07-17,4.36,4.47,4.41,4.42,4.31,4.1,3.91,3.89,4.01,4.22,4.47,5.01,5.01
2025-07-18,4.35,4.46,4.4,4.42,4.3,4.08,3.88,3.84,3.96,4.18,4.44,4.99,5.0
2025-07-21,4.35,4.46,4.41,4.42,4.3,4.06,3.85,3.81,3.91,4.13,4.38,4.93,4.94
2025-07-22,4.37,4.45,4.41,4.42,4.3,4.05,3.83,3.77,3.88,4.09,4.35,4.9,4.9
2025-07-23,4.37,4.45,4.41,4.42,4.31,4.08,3.88,3.84,3.94,4.15,4.4,4.93,4.95
2025-07-24,4.37,4.46,4.42,4.42,4.32,4.1,3.91,3.87,3.98,4.18,4.43,4.95,4.96
2025-07-25,4.37,4.46,4.42,4.42,4.31,4.09,3.91,3.86,3.95,4.15,4.4,4.92,4.92
2025-07-28,4.4,4.45,4.4,4.42,4.3,4.09,3.91,3.87,3.96,4.18,4.42,4.95,4.96
2025-07-29,4.4,4.45,4.4,4.41,4.28,4.07,3.86,3.82,3.9,4.1,4.34,4.86,4.86
2025-07-30,4.41,4.45,4.41,4.39,4.31,4.12,3.94,3.89,3.96,4.15,4.38,4.9,4.89
2025-07-31,4.49,4.46,4.41,4.4,4.31,4.1,3.94,3.89,3.96,4.14,4.37,4.89,4.89
2025-08-01,4.49,4.44,4.35,4.3,4.16,3.87,3.69,3.67,3.77,3.97,4.23,4.79,4.81
2025-08-04,4.48,4.43,4.35,4.28,4.15,3.82,3.69,3.66,3.75,3.95,4.22,4.78,4.8
2025-08-05,4.49,4.41,4.34,4.29,4.16,3.92,3.72,3.63,3.77,3.97,4.22,4.77,4.78
2025-08-06,4.48,4.4,4.32,4.27,4.15,3.9,3.69,3.63,3.77,3.97,4.22,4.8,4.81
2025-08-07,4.49,4.41,4.32,4.27,4.15,3.92,3.72,3.66,3.79,3.99,4.23,4.81,4.81
2025-08-08,4.48,4.39,4.32,4.27,4.15,3.93,3.76,3.7,3.84,4.03,4.27,4.84,4.85
2025-08-11,4.46,4.38,4.34,4.27,4.15,3.93,3.76,3.71,3.83,4.03,4.27,4.83,4.84
2025-08-12,4.44,4.35,4.33,4.25,4.12,3.9,3.72,3.69,3.83,4.03,4.29,4.87,4.88
2025-08-13,4.44,4.32,4.29,4.21,4.09,3.86,3.67,3.64,3.77,3.98,4.24,4.81,4.83
2025-08-14,4.48,4.36,4.3,4.22,4.12,3.91,3.74,3.7,3.82,4.03,4.29,4.86,4.88
2025-08-15,4.48,4.35,4.3,4.22,4.12,3.93,3.75,3.73,3.85,4.07,4.33,4.91,4.92
2025-08-18,4.47,4.35,4.33,4.22,4.13,3.93,3.77,3.73,3.86,4.07,4.34,4.92,4.94
2025-08-19,4.46,4.35,4.3,4.21,4.11,3.91,3.75,3.7,3.82,4.04,4.3,4.89,4.9
2025-08-20,4.45,4.35,4.3,4.22,4.11,3.9,3.74,3.69,3.81,4.02,4.29,4.86,4.89
2025-08-21,4.49,4.39,4.32,4.24,4.14,3.95,3.79,3.75,3.86,4.07,4.33,4.89,4.92
2025-08-22,4.47,4.36,4.27,4.21,4.08,3.87,3.68,3.64,3.76,3.98,4.26,4.84,4.88
2025-08-25,4.45,4.35,4.29,4.21,4.08,3.88,3.73,3.68,3.8,4.01,4.28,4.86,4.89
2025-08-26,4.42,4.34,4.28,4.2,4.06,3.85,3.61,3.63,3.75,3.98,4.26,4.86,4.9
2025-08-27,4.42,4.3,4.26,4.18,4.04,3.83,3.59,3.59,3.69,3.95,4.24,4.87,4.91
2025-08-28,4.42,4.31,4.26,4.17,4.04,3.85,3.62,3.6,3.69,3.92,4.22,4.83,4.88
2025-08-29,4.41,4.3,4.23,4.17,4.01,3.83,3.59,3.58,3.68,3.92,4.23,4.86,4.92
2025-09-02,4.4,4.29,4.2,4.15,3.99,3.82,3.66,3.63,3.74,3.98,4.28,4.92,4.97
2025-09-03,4.35,4.26,4.18,4.14,3.96,3.77,3.61,3.58,3.69,3.92,4.22,4.85,4.9
2025-09-04,4.33,4.28,4.16,4.12,3.94,3.76,3.59,3.55,3.65,3.87,4.17,4.81,4.86
2025-09-05,4.29,4.24,4.07,4.05,3.85,3.65,3.51,3.48,3.59,3.8,4.1,4.72,4.78
2025-09-08,4.26,4.21,4.1,4.04,3.84,3.64,3.49,3.47,3.57,3.77,4.05,4.65,4.69
2025-09-09,4.25,4.22,4.1,4.05,3.85,3.68,3.54,3.48,3.61,3.81,4.08,4.68,4.72
2025-09-10,4.23,4.2,4.09,4.02,3.83,3.66,3.54,3.47,3.59,3.78,4.04,4.65,4.69
2025-09-11,4.22,4.18,4.08,4.0,3.82,3.63,3.52,3.47,3.59,3.76,4.01,4.61,4.65
2025-09-12,4.24,4.2,4.08,4.02,3.83,3.66,3.56,3.52,3.63,3.81,4.06,4.65,4.68
2025-09-15,4.22,4.17,4.06,4.0,3.81,3.64,3.54,3.5,3.61,3.79,4.05,4.63,4.66
2025-09-16,4.2,4.15,4.04,4.0,3.81,3.62,3.51,3.47,3.59,3.78,4.04,4.61,4.65
2025-09-17,4.17,4.11,4.02,3.97,3.8,3.6,3.52,3.51,3.62,3.81,4.06,4.62,4.66
2025-09-18,4.2,4.14,4.03,3.98,3.81,3.61,3.57,3.55,3.67,3.86,4.11,4.68,4.72
2025-09-19,4.19,4.14,4.03,3.98,3.81,3.6,3.57,3.56,3.68,3.88,4.14,4.71,4.75
2025-09-22,4.17,4.13,4.0,3.98,3.81,3.61,3.61,3.59,3.71,3.9,4.15,4.73,4.77
2025-09-23,4.16,4.12,4.0,3.97,3.81,3.61,3.53,3.57,3.68,3.87,4.12,4.7,4.73
2025-09-24,4.18,4.13,4.02,3.98,3.82,3.63,3.57,3.6,3.7,3.91,4.16,4.73,4.76
2025-09-25,4.24,4.18,4.04,4.01,3.85,3.68,3.64,3.66,3.75,3.94,4.18,4.73,4.75
2025-09-26,4.22,4.17,4.02,4.0,3.83,3.67,3.63,3.66,3.76,3.96,4.2,4.74,4.77
2025-09-29,4.22,4.16,4.04,3.99,3.84,3.65,3.63,3.63,3.74,3.92,4.15,4.69,4.71
2025-09-30,4.2,4.15,4.02,3.98,3.83,3.68,3.6,3.61,3.74,3.93,4.16,4.71,4.73
2025-10-01,4.17,4.12,4.01,3.95,3.8,3.62,3.55,3.56,3.68,3.88,4.12,4.69,4.72
2025-10-02,4.23,4.11,4.02,3.96,3.81,3.62,3.55,3.56,3.67,3.86,4.1,4.66,4.69
2025-10-03,4.24,4.11,4.03,3.96,3.82,3.64,3.58,3.59,3.72,3.9,4.13,4.69,4.71
2025-10-06,4.22,4.11,4.02,3.95,3.81,3.66,3.6,3.63,3.75,3.95,4.18,4.73,4.76
2025-10-07,4.2,4.1,4.01,3.95,3.81,3.65,3.57,3.56,3.71,3.9,4.14,4.7,4.73
2025-10-08,4.2,4.09,4.01,3.94,3.82,3.66,3.58,3.58,3.72,3.91,4.13,4.69,4.72
2025-10-09,4.2,4.11,4.03,3.95,3.83,3.66,3.6,3.59,3.74,3.92,4.14,4.7,4.72
2025-10-10,4.19,4.1,4.02,3.96,3.81,3.6,3.52,3.52,3.65,3.83,4.05,4.6,4.63
2025-10-14,4.19,4.08,4.02,3.95,3.8,3.58,3.48,3.47,3.6,3.79,4.03,4.59,4.62
2025-10-15,4.2,4.09,4.03,3.98,3.82,3.61,3.5,3.51,3.63,3.82,4.05,4.61,4.64
2025-10-16,4.2,4.1,4.02,3.96,3.79,3.54,3.41,3.42,3.55,3.74,3.99,4.56,4.58
2025-10-17,4.18,4.08,4.0,3.95,3.79,3.56,3.46,3.47,3.59,3.78,4.02,4.58,4.6
2025-10-20,4.15,4.05,3.97,3.92,3.78,3.55,3.46,3.47,3.58,3.77,4.0,4.56,4.58
2025-10-21,4.12,4.05,3.96,3.9,3.78,3.56,3.45,3.46,3.56,3.74,3.98,4.53,4.55
2025-10-22,4.11,4.04,3.96,3.9,3.78,3.55,3.45,3.44,3.56,3.74,3.97,4.52,4.54
2025-10-23,4.12,4.05,3.95,3.9,3.78,3.59,3.48,3.49,3.61,3.79,4.01,4.55,4.58
2025-10-24,4.11,4.02,3.93,3.89,3.76,3.58,3.48,3.49,3.61,3.79,4.02,4.56,4.59
2025-10-27,4.09,4.0,3.89,3.87,3.73,3.59,3.48,3.5,3.61,3.79,4.01,4.55,4.57
2025-10-28,4.07,3.97,3.89,3.86,3.72,3.59,3.47,3.5,3.6,3.77,3.99,4.53,4.55
2025-10-29,4.03,3.99,3.93,3.86,3.79,3.7,3.59,3.6,3.7,3.87,4.08,4.59,4.61
2025-10-30,4.05,4.04,3.92,3.87,3.79,3.7,3.61,3.61,3.72,3.9,4.11,4.64,4.65
2025-10-31,4.06,4.04,3.89,3.87,3.79,3.7,3.6,3.6,3.71,3.89,4.11,4.65,4.67
2025-11-03,4.06,4.05,3.98,3.88,3.8,3.7,3.6,3.61,3.72,3.9,4.13,4.67,4.69
2025-11-04,4.02,4.01,3.96,3.87,3.78,3.67,3.58,3.59,3.69,3.88,4.1,4.65,4.67
2025-11-05,4.0,4.0,3.96,3.87,3.79,3.71,3.63,3.65,3.76,3.95,4.17,4.72,4.74
2025-11-06,4.02,3.98,3.93,3.84,3.76,3.65,3.57,3.58,3.69,3.87,4.11,4.67,4.69
2025-11-07,4.01,3.98,3.92,3.83,3.76,3.63,3.55,3.57,3.67,3.87,4.11,4.68,4.7
2025-11-10,4.04,4.0,3.95,3.85,3.79,3.66,3.58,3.56,3.72,3.9,4.13,4.69,4.71
2025-11-12,4.03,3.98,3.95,3.86,3.78,3.65,3.56,3.55,3.68,3.86,4.08,4.65,4.67
2025-11-13,4.05,4.0,3.96,3.88,3.8,3.68,3.58,3.57,3.71,3.89,4.11,4.69,4.7
2025-11-14,4.04,4.01,3.95,3.88,3.8,3.7,3.62,3.61,3.74,3.92,4.14,4.73,4.74
2025-11-17,4.04,4.01,3.97,3.87,3.81,3.69,3.6,3.6,3.72,3.9,4.13,4.71,4.73
2025-11-18,4.02,3.99,3.94,3.85,3.79,3.67,3.58,3.58,3.7,3.89,4.12,4.72,4.74
2025-11-19,4.01,4.0,3.95,3.86,3.8,3.68,3.58,3.59,3.71,3.9,4.13,4.71,4.75
2025-11-20,4.04,4.02,3.94,3.86,3.79,3.65,3.55,3.56,3.68,3.87,4.1,4.68,4.73
2025-11-21,4.03,4.0,3.9,3.84,3.75,3.62,3.51,3.5,3.62,3.82,4.06,4.67,4.71
2025-11-24,4.03,3.99,3.91,3.83,3.76,3.61,3.46,3.49,3.61,3.8,4.04,4.64,4.68
2025-11-25,4.04,3.97,3.9,3.82,3.75,3.6,3.43,3.46,3.55,3.77,4.01,4.62,4.67
2025-11-26,4.06,4.0,3.92,3.86,3.76,3.61,3.45,3.47,3.56,3.75,4.0,4.6,4.64
2025-11-28,4.05,3.99,3.88,3.86,3.74,3.61,3.47,3.49,3.59,3.78,4.02,4.62,4.67
2025-12-01,3.98,3.92,3.81,3.82,3.75,3.62,3.54,3.55,3.67,3.86,4.09,4.71,4.74
2025-12-02,3.9,3.83,3.77,3.78,3.72,3.59,3.51,3.54,3.66,3.85,4.09,4.7,4.74
2025-12-03,3.83,3.78,3.72,3.73,3.68,3.57,3.49,3.5,3.62,3.82,4.06,4.68,4.73
2025-12-04,3.83,3.78,3.71,3.73,3.69,3.6,3.52,3.55,3.68,3.87,4.11,4.72,4.76
2025-12-05,3.82,3.77,3.71,3.73,3.68,3.61,3.56,3.59,3.72,3.9,4.14,4.75,4.79
2025-12-08,3.82,3.78,3.73,3.73,3.69,3.61,3.57,3.59,3.75,3.94,4.17,4.78,4.81
2025-12-09,3.81,3.78,3.73,3.73,3.7,3.63,3.61,3.62,3.78,3.96,4.18,4.77,4.8
2025-12-10,3.79,3.75,3.69,3.69,3.66,3.58,3.54,3.56,3.72,3.92,4.13,4.74,4.78
2025-12-11,3.77,3.76,3.66,3.67,3.62,3.56,3.52,3.55,3.72,3.91,4.14,4.75,4.79
2025-12-12,3.76,3.75,3.63,3.64,3.58,3.54,3.52,3.58,3.75,3.95,4.19,4.82,4.85
2025-12-15,3.77,3.75,3.65,3.65,3.6,3.52,3.51,3.56,3.73,3.94,4.18,4.8,4.84
2025-12-16,3.76,3.73,3.64,3.64,3.6,3.51,3.48,3.52,3.69,3.9,4.15,4.77,4.82
2025-12-17,3.73,3.73,3.64,3.65,3.59,3.51,3.49,3.53,3.7,3.91,4.16,4.78,4.83
2025-12-18,3.71,3.72,3.62,3.63,3.58,3.49,3.46,3.5,3.66,3.87,4.12,4.74,4.8
2025-12-19,3.71,3.72,3.62,3.64,3.6,3.51,3.48,3.53,3.7,3.91,4.16,4.77,4.82
2025-12-22,3.72,3.71,3.64,3.65,3.6,3.53,3.44,3.56,3.71,3.93,4.17,4.78,4.84
2025-12-23,3.71,3.7,3.65,3.66,3.59,3.52,3.48,3.58,3.72,3.94,4.18,4.78,4.83
2025-12-24,3.72,3.74,3.69,3.67,3.59,3.5,3.47,3.56,3.7,3.91,4.15,4.75,4.79
2025-12-26,3.7,3.72,3.64,3.66,3.58,3.49,3.46,3.54,3.68,3.89,4.14,4.76,4.81
2025-12-29,3.69,3.7,3.68,3.66,3.59,3.48,3.45,3.51,3.67,3.88,4.12,4.75,4.8
2025-12-30,3.65,3.65,3.65,3.63,3.59,3.47,3.45,3.5,3.68,3.89,4.14,4.76,4.81
2025-12-31,3.74,3.67,3.67,3.63,3.59,3.48,3.47,3.55,3.73,3.94,4.18,4.79,4.84
2026-01-02,3.72,3.66,3.65,3.62,3.58,3.47,3.47,3.55,3.74,3.95,4.19,4.81,4.86
2026-01-05,3.71,3.64,3.64,3.61,3.57,3.47,3.46,3.53,3.71,3.92,4.17,4.79,4.85
2026-01-06,3.7,3.61,3.63,3.58,3.56,3.48,3.47,3.54,3.72,3.93,4.18,4.8,4.86
2026-01-07,3.7,3.6,3.62,3.6,3.56,3.48,3.47,3.53,3.7,3.91,4.15,4.76,4.82
2026-01-08,3.7,3.63,3.62,3.6,3.56,3.48,3.49,3.56,3.74,3.95,4.19,4.79,4.85
2026-01-09,3.7,3.63,3.62,3.62,3.57,3.52,3.54,3.59,3.75,3.95,4.18,4.76,4.82
2026-01-12,3.71,3.64,3.67,3.63,3.58,3.53,3.54,3.59,3.77,3.97,4.19,4.78,4.83
2026-01-13,3.72,3.66,3.67,3.63,3.59,3.51,3.53,3.57,3.75,3.95,4.18,4.77,4.83
2026-01-14,3.72,3.66,3.67,3.65,3.58,3.5,3.51,3.56,3.72,3.92,4.15,4.73,4.79
2026-01-15,3.75,3.69,3.68,3.66,3.6,3.54,3.56,3.62,3.77,3.96,4.17,4.74,4.79
2026-01-16,3.75,3.68,3.67,3.66,3.6,3.55,3.59,3.67,3.82,4.02,4.24,4.79,4.83
2026-01-20,3.75,3.69,3.7,3.65,3.61,3.53,3.6,3.68,3.86,4.08,4.3,4.87,4.91
2026-01-21,3.75,3.7,3.7,3.67,3.62,3.53,3.6,3.66,3.83,4.04,4.26,4.82,4.87
2026-01-22,3.79,3.72,3.71,3.67,3.61,3.53,3.61,3.68,3.85,4.05,4.26,4.79,4.84
2026-01-23,3.78,3.72,3.7,3.67,3.61,3.53,3.6,3.67,3.84,4.03,4.24,4.78,4.82
2026-01-26,3.77,3.7,3.67,3.67,3.62,3.52,3.56,3.66,3.82,4.02,4.22,4.75,4.8
2026-01-27,3.77,3.7,3.67,3.66,3.61,3.5,3.53,3.65,3.81,4.03,4.24,4.79,4.83
2026-01-28,3.76,3.71,3.68,3.7,3.63,3.52,3.56,3.66,3.83,4.05,4.26,4.81,4.85
2026-01-29,3.72,3.75,3.67,3.69,3.62,3.5,3.53,3.63,3.8,4.01,4.24,4.8,4.85
2026-01-30,3.72,3.75,3.67,3.69,3.61,3.48,3.52,3.6,3.79,4.01,4.26,4.82,4.87
2026-02-02,3.72,3.74,3.69,3.7,3.62,3.49,3.57,3.64,3.83,4.05,4.29,4.85,4.9
2026-02-03,3.72,3.74,3.69,3.7,3.62,3.49,3.57,3.64,3.83,4.04,4.28,4.85,4.9
2026-02-04,3.72,3.74,3.69,3.7,3.62,3.49,3.57,3.64,3.83,4.05,4.29,4.86,4.91
2026-02-05,3.72,3.74,3.67,3.68,3.58,3.44,3.47,3.55,3.74,3.97,4.21,4.79,4.85
2026-02-06,3.72,3.74,3.68,3.7,3.59,3.45,3.5,3.57,3.76,3.98,4.22,4.8,4.85
2026-02-09,3.72,3.73,3.69,3.7,3.59,3.43,3.48,3.56,3.75,3.97,4.22,4.79,4.85
2026-02-10,3.72,3.74,3.69,3.69,3.58,3.4,3.45,3.5,3.7,3.92,4.16,4.73,4.78
2026-02-11,3.71,3.73,3.7,3.7,3.6,3.47,3.52,3.55,3.75,3.96,4.18,4.76,4.82
2026-02-12,3.72,3.74,3.7,3.7,3.58,3.45,3.47,3.49,3.67,3.87,4.09,4.68,4.72
2026-02-13,3.72,3.73,3.68,3.7,3.59,3.42,3.4,3.43,3.61,3.81,4.04,4.64,4.69
2026-02-17,3.72,3.73,3.69,3.7,3.59,3.48,3.43,3.47,3.63,3.82,4.05,4.63,4.68
2026-02-18,3.71,3.73,3.7,3.7,3.6,3.49,3.47,3.5,3.66,3.86,4.09,4.65,4.71
2026-02-19,3.72,3.75,3.69,3.7,3.6,3.5,3.47,3.5,3.65,3.85,4.08,4.64,4.7
2026-02-20,3.72,3.74,3.69,3.71,3.61,3.51,3.48,3.5,3.65,3.85,4.08,4.66,4.72
2026-02-23,3.72,3.74,3.69,3.7,3.62,3.5,3.43,3.45,3.59,3.79,4.03,4.63,4.7
2026-02-24,3.72,3.73,3.69,3.7,3.62,3.52,3.43,3.47,3.61,3.81,4.04,4.63,4.7
2026-02-25,3.71,3.73,3.69,3.68,3.62,3.53,3.45,3.49,3.61,3.82,4.05,4.63,4.7
2026-02-26,3.74,3.75,3.68,3.68,3.61,3.52,3.42,3.46,3.57,3.78,4.02,4.6,4.67
2026-02-27,3.74,3.73,3.67,3.67,3.6,3.48,3.38,3.39,3.51,3.72,3.97,4.57,4.64
2026-03-02,3.74,3.74,3.72,3.68,3.68,3.54,3.47,3.49,3.62,3.82,4.05,4.64,4.7
2026-03-03,3.75,3.74,3.71,3.67,3.68,3.55,3.51,3.5,3.63,3.83,4.06,4.65,4.7
2026-03-04,3.75,3.75,3.71,3.68,3.68,3.58,3.54,3.55,3.67,3.87,4.09,4.67,4.72
2026-03-05,3.75,3.72,3.7,3.68,3.68,3.59,3.57,3.59,3.72,3.92,4.13,4.71,4.74
2026-03-06,3.75,3.72,3.69,3.67,3.66,3.55,3.56,3.59,3.72,3.93,4.15,4.74,4.77
2026-03-09,3.75,3.72,3.71,3.68,3.68,3.56,3.56,3.58,3.71,3.9,4.12,4.7,4.72
2026-03-10,3.75,3.71,3.71,3.69,3.68,3.56,3.57,3.58,3.73,3.93,4.15,4.74,4.78
2026-03-11,3.75,3.7,3.71,3.69,3.68,3.6,3.64,3.64,3.79,3.98,4.21,4.82,4.86
2026-03-12,3.76,3.72,3.72,3.69,3.7,3.66,3.76,3.75,3.88,4.06,4.27,4.86,4.88
2026-03-13,3.75,3.71,3.72,3.69,3.7,3.66,3.73,3.74,3.87,4.07,4.28,4.89,4.9
2026-03-16,3.75,3.72,3.72,3.69,3.72,3.64,3.68,3.69,3.8,4.0,4.23,4.83,4.86
2026-03-17,3.74,3.72,3.72,3.69,3.71,3.63,3.68,3.68,3.79,3.98,4.2,4.81,4.85
2026-03-18,3.73,3.72,3.73,3.71,3.74,3.68,3.76,3.76,3.87,4.05,4.26,4.84,4.88
2026-03-19,3.73,3.72,3.73,3.71,3.76,3.73,3.79,3.79,3.88,4.06,4.25,4.82,4.83
2026-03-20,3.73,3.72,3.74,3.73,3.79,3.8,3.88,3.9,4.01,4.2,4.39,4.97,4.96
2026-03-23,3.73,3.72,3.74,3.72,3.77,3.76,3.83,3.85,3.95,4.15,4.34,4.93,4.91
2026-03-24,3.74,3.72,3.74,3.73,3.78,3.81,3.9,3.93,4.03,4.21,4.39,4.95,4.94
2026-03-25,3.73,3.72,3.73,3.72,3.76,3.77,3.84,3.88,3.96,4.15,4.33,4.9,4.89
2026-03-26,3.74,3.73,3.73,3.73,3.77,3.83,3.96,4.0,4.08,4.25,4.42,4.96,4.93
2026-03-27,3.74,3.72,3.73,3.72,3.75,3.77,3.88,3.94,4.06,4.25,4.44,4.99,4.98
2026-03-30,3.74,3.71,3.71,3.71,3.73,3.71,3.82,3.85,3.97,4.16,4.35,4.92,4.91
2026-03-31,3.74,3.72,3.7,3.7,3.72,3.68,3.79,3.81,3.92,4.11,4.3,4.88,4.88
2026-04-01,3.74,3.71,3.7,3.7,3.72,3.68,3.81,3.84,3.97,4.15,4.33,4.91,4.91
2026-04-02,3.72,3.73,3.7,3.71,3.72,3.68,3.79,3.82,3.94,4.12,4.31,4.88,4.88
2026-04-03,3.71,3.73,3.71,3.71,3.73,3.72,3.84,3.88,3.99,4.17,4.35,4.91,4.91
2026-04-06,3.72,3.74,3.72,3.72,3.74,3.72,3.84,3.88,3.98,4.16,4.34,4.89,4.89
2026-04-07,3.68,3.72,3.71,3.71,3.73,3.68,3.81,3.82,3.95,4.13,4.33,4.9,4.9
2026-04-08,3.67,3.71,3.69,3.69,3.73,3.69,3.79,3.78,3.92,4.1,4.29,4.87,4.89
2026-04-09,3.66,3.69,3.68,3.68,3.71,3.68,3.78,3.77,3.91,4.1,4.29,4.88,4.9
2026-04-10,3.67,3.7,3.69,3.69,3.72,3.7,3.81,3.8,3.94,4.12,4.31,4.89,4.91
2026-04-13,3.69,3.71,3.71,3.7,3.74,3.7,3.78,3.79,3.92,4.1,4.3,4.88,4.9
2026-04-14,3.71,3.72,3.71,3.7,3.73,3.71,3.76,3.76,3.87,4.06,4.26,4.84,4.87
2026-04-15,3.72,3.74,3.71,3.71,3.72,3.7,3.76,3.79,3.9,4.08,4.29,4.87,4.89
2026-04-16,3.69,3.73,3.7,3.7,3.71,3.69,3.78,3.8,3.91,4.1,4.32,4.9,4.93
2026-04-17,3.69,3.73,3.7,3.69,3.69,3.64,3.71,3.72,3.84,4.04,4.26,4.85,4.88
2026-04-20,3.69,3.72,3.71,3.7,3.72,3.65,3.72,3.73,3.86,4.04,4.26,4.85,4.88
2026-04-21,3.67,3.71,3.69,3.7,3.73,3.69,3.78,3.8,3.91,4.09,4.3,4.87,4.89
2026-04-22,3.68,3.7,3.69,3.69,3.72,3.69,3.79,3.81,3.91,4.1,4.3,4.87,4.9
2026-04-23,3.69,3.72,3.69,3.7,3.72,3.7,3.83,3.84,3.96,4.13,4.34,4.9,4.92
2026-04-24,3.69,3.71,3.69,3.69,3.71,3.67,3.78,3.8,3.92,4.1,4.31,4.88,4.91
2026-04-27,3.7,3.72,3.68,3.7,3.72,3.69,3.78,3.83,3.94,4.14,4.35,4.92,4.94
2026-04-28,3.68,3.72,3.68,3.69,3.72,3.71,3.84,3.86,3.97,4.16,4.36,4.92,4.94
2026-04-29,3.68,3.72,3.68,3.77,3.73,3.75,3.92,3.94,4.05,4.23,4.42,4.97,4.98
2026-04-30,3.72,3.71,3.68,3.76,3.71,3.72,3.88,3.91,4.02,4.2,4.4,4.97,4.98
2026-05-01,3.71,3.7,3.68,3.76,3.71,3.73,3.88,3.91,4.02,4.2,4.39,4.96,4.97
2026-05-04,3.71,3.7,3.7,3.76,3.76,3.78,3.95,3.98,4.08,4.26,4.45,5.01,5.02
2026-05-05,3.7,3.7,3.69,3.75,3.75,3.77,3.93,3.97,4.08,4.25,4.43,4.98,4.98
2026-05-06,3.7,3.69,3.69,3.75,3.74,3.73,3.87,3.89,3.99,4.17,4.36,4.92,4.94
2026-05-07,3.72,3.69,3.69,3.75,3.74,3.76,3.92,3.94,4.04,4.22,4.41,4.96,4.97
2026-05-08,3.71,3.68,3.69,3.75,3.74,3.75,3.9,3.92,4.02,4.19,4.38,4.93,4.95
2026-05-11,3.71,3.69,3.7,3.77,3.77,3.79,3.95,3.96,4.07,4.24,4.42,4.97,4.98
2026-05-12,3.71,3.69,3.7,3.77,3.77,3.8,4.0,4.01,4.12,4.29,4.46,5.02,5.03
2026-05-13,3.71,3.7,3.69,3.76,3.77,3.79,3.98,4.0,4.12,4.28,4.46,5.03,5.03
2026-05-14,3.72,3.7,3.69,3.76,3.76,3.79,4.0,4.04,4.13,4.29,4.47,5.01,5.02
2026-05-15,3.71,3.69,3.69,3.76,3.77,3.82,4.09,4.14,4.26,4.43,4.59,5.14,5.12
2026-05-18,3.69,3.68,3.68,3.76,3.77,3.81,4.07,4.14,4.27,4.43,4.61,5.14,5.14
2026-05-19,3.66,3.66,3.67,3.75,3.77,3.83,4.13,4.2,4.32,4.5,4.67,5.19,5.18
2026-05-20,3.65,3.65,3.65,3.74,3.75,3.79,4.04,4.11,4.22,4.39,4.57,5.1,5.11
2026-05-21,3.72,3.69,3.68,3.76,3.78,3.83,4.08,4.13,4.25,4.41,4.57,5.09,5.1
2026-05-22,3.72,3.69,3.68,3.78,3.79,3.86,4.13,4.18,4.27,4.41,4.56,5.06,5.07
2026-05-26,3.72,3.69,3.68,3.78,3.8,3.82,4.01,4.1,4.19,4.33,4.5,5.03,5.03
2026-05-27,3.72,3.69,3.68,3.77,3.79,3.8,4.0,4.09,4.17,4.32,4.48,5.01,5.01
2026-05-28,3.72,3.71,3.69,3.78,3.79,3.8,3.99,4.07,4.15,4.29,4.45,4.98,4.98
2026-05-29,3.72,3.71,3.69,3.78,3.78,3.79,3.98,4.06,4.13,4.27,4.45,4.98,4.99
2026-06-01,3.72,3.73,3.78,3.8,3.79,3.83,4.05,4.09,4.18,4.32,4.47,4.99,4.99
2026-06-02,3.72,3.73,3.77,3.79,3.78,3.82,4.05,4.09,4.17,4.31,4.46,4.97,4.97
2026-06-03,3.71,3.72,3.78,3.77,3.78,3.84,4.08,4.14,4.21,4.34,4.49,5.0,4.99
2026-06-04,3.71,3.7,3.78,3.76,3.78,3.82,4.05,4.1,4.18,4.32,4.47,4.98,4.97
2026-06-05,3.71,3.71,3.78,3.78,3.81,3.88,4.17,4.22,4.29,4.41,4.55,5.03,5.01
2026-06-08,3.7,3.71,3.8,3.79,3.83,3.85,4.15,4.21,4.29,4.42,4.56,5.05,5.03
2026-06-09,3.69,3.71,3.79,3.79,3.82,3.9,4.13,4.16,4.26,4.39,4.53,5.02,5.01
2026-06-10,3.69,3.72,3.79,3.8,3.82,3.9,4.13,4.17,4.27,4.4,4.55,5.04,5.03
2026-06-11,3.69,3.7,3.78,3.79,3.81,3.85,4.05,4.09,4.18,4.31,4.45,4.96,4.95
2026-06-12,3.69,3.7,3.78,3.79,3.82,3.86,4.09,4.12,4.21,4.34,4.48,4.98,4.97
2026-06-15,3.69,3.71,3.79,3.79,3.81,3.84,4.07,4.1,4.18,4.32,4.47,4.97,4.97
2026-06-16,3.67,3.71,3.79,3.79,3.81,3.84,4.05,4.08,4.16,4.28,4.43,4.92,4.93
2026-06-17,3.68,3.74,3.83,3.85,3.91,3.98,4.2,4.23,4.27,4.37,4.49,4.95,4.93
2026-06-18,3.69,3.74,3.83,3.85,3.92,4.0,4.19,4.19,4.23,4.34,4.46,4.91,4.9
2026-06-22,3.66,3.77,3.85,3.89,3.98,4.04,4.24,4.25,4.29,4.39,4.51,4.97,4.95
2026-06-23,3.65,3.76,3.85,3.89,3.96,4.01,4.16,4.22,4.27,4.38,4.5,4.96,4.94
2026-06-24,3.66,3.76,3.85,3.9,3.95,3.99,4.11,4.15,4.17,4.28,4.41,4.87,4.86
2026-06-25,3.7,3.75,3.84,3.9,3.95,3.96,4.09,4.13,4.15,4.26,4.4,4.87,4.86
2026-06-26,3.7,3.75,3.83,3.89,3.94,3.94,4.07,4.09,4.12,4.23,4.38,4.87,4.87
2026-06-29,3.71,3.76,3.87,3.92,4.0,3.97,4.1,4.1,4.14,4.24,4.38,4.86,4.86
2026-06-30,3.7,3.77,3.87,3.92,4.01,3.98,4.14,4.15,4.19,4.3,4.44,4.93,4.91
2026-07-01,3.67,3.72,3.85,3.95,4.0,4.0,4.17,4.19,4.24,4.35,4.48,4.97,4.97
2026-07-02,3.7,3.81,3.82,3.91,3.98,3.96,4.14,4.16,4.23,4.35,4.49,4.99,4.98
2026-07-06,3.69,3.81,3.87,3.93,3.98,3.95,4.13,4.14,4.21,4.33,4.48,4.99,4.99
2026-07-07,3.69,3.82,3.86,3.94,3.99,4.06,4.19,4.18,4.27,4.4,4.55,5.05,5.05
2026-07-08,3.67,3.82,3.87,3.94,3.99,4.06,4.21,4.21,4.31,4.43,4.56,5.07,5.06
2026-07-09,3.72,3.79,3.83,3.91,3.96,4.02,4.16,4.18,4.27,4.4,4.54,5.06,5.05
2026-07-10,3.71,3.81,3.85,3.94,3.99,4.06,4.21,4.22,4.3,4.42,4.56,5.08,5.06
2026-07-13,3.73,3.82,3.89,3.97,4.03,4.12,4.26,4.3,4.37,4.48,4.62,5.11,5.1
2026-07-14,3.73,3.82,3.84,3.91,3.95,4.02,4.18,4.23,4.31,4.44,4.58,5.09,5.08
2026-07-15,3.73,3.82,3.83,3.89,3.93,3.97,4.13,4.18,4.26,4.39,4.55,5.07,5.08
2026-07-16,3.76,3.81,3.84,3.9,3.94,3.99,4.16,4.2,4.28,4.41,4.57,5.09,5.09
2026-07-17,3.73,3.8,3.85,3.91,3.96,4.01,4.18,4.21,4.28,4.4,4.55,5.07,5.06
2026-07-20,3.72,3.81,3.86,3.93,4.0,4.03,4.21,4.25,4.33,4.45,4.6,5.12,5.11
2026-07-21,3.75,3.81,3.87,3.96,4.02,4.08,4.26,4.31,4.37,4.5,4.63,5.14,5.13
2026-07-22,3.76,3.82,3.89,4.0,4.05,4.11,4.31,4.34,4.41,4.53,4.67,5.17,5.15
2026-07-23,3.82,3.95,3.95,4.04,4.09,4.15,4.37,4.4,4.46,4.58,4.71,5.2,5.17
2026-07-24,3.8,3.95,3.96,4.04,4.08,4.14,4.33,4.36,4.43,4.55,4.69,5.18,5.16
2026-07-27,3.8,3.95,3.96,4.05,4.1,4.14,4.31,4.35,4.4,4.52,4.65,5.15,5.12
2026-07-28,3.76,3.9,3.9,4.02,4.07,4.09,4.26,4.31,4.35,4.47,4.61,5.11,5.09
2026-07-29,3.73,3.83,3.83,3.91,3.97,4.04,4.22,4.29,4.37,4.51,4.67,5.21,5.2
2026-07-30,3.79,3.84,3.82,3.92,3.98,4.04,4.23,4.3,4.38,4.52,4.68,5.22,5.21
2026-07-31,3.78,3.85,3.83,3.92,3.98,4.08,4.28,4.34,4.45,4.59,4.75,5.28,5.27
2026-08-03,3.79,3.87,3.91,3.94,4.02,4.07,4.25,4.32,4.4,4.54,4.7,5.23,5.23
2026-08-04,3.78,3.85,3.89,3.91,4.0,4.04,4.2,4.25,4.33,4.47,4.63,5.18,5.18
2026-08-05,3.77,3.84,3.89,3.91,3.98,4.03,4.18,4.24,4.33,4.47,4.63,5.18,5.17
2026-08-06,3.8,3.84,3.9,3.92,3.99,4.06,4.25,4.31,4.4,4.53,4.69,5.22,5.22
2026-08-07,3.79,3.83,3.87,3.89,3.96,4.01,4.19,4.25,4.35,4.49,4.65,5.2,5.19
2026-08-10,3.79,3.84,3.89,3.91,4.0,4.04,4.25,4.31,4.41,4.56,4.72,5.25,5.25
2026-08-11,3.79,3.83,3.89,3.9,3.99,4.03,4.22,4.27,4.39,4.54,4.7,5.25,5.24
2026-08-12,3.78,3.8,3.87,3.89,3.97,4.0,4.2,4.25,4.38,4.52,4.68,5.24,5.24
2026-08-13,3.79,3.81,3.87,3.88,3.94,3.97,4.15,4.2,4.32,4.47,4.63,5.2,5.21
2026-08-14,3.79,3.81,3.86,3.88,3.95,3.98,4.17,4.24,4.36,4.51,4.68,5.25,5.25
2026-08-17,3.79,3.82,3.87,3.89,3.95,4.0,4.19,4.25,4.38,4.54,4.72,5.3,5.31
2026-08-18,3.78,3.82,3.86,3.88,3.94,3.99,4.19,4.26,4.37,4.53,4.71,5.28,5.28
2026-08-19,3.77,3.81,3.86,3.88,3.94,4.0,4.19,4.25,4.35,4.48,4.65,5.17,5.19
2026-08-20,3.8,3.79,3.87,3.88,3.94,3.99,4.19,4.26,4.39,4.53,4.69,5.2,5.23
2026-08-21,3.8,3.8,3.88,3.9,3.95,4.03,4.24,4.31,4.43,4.57,4.74,5.25,5.27
2026-08-24,3.79,3.8,3.87,3.9,3.96,4.04,4.24,4.31,4.41,4.55,4.7,5.21,5.23
2026-08-25,3.79,3.8,3.86,3.89,3.95,4.01,4.17,4.25,4.35,4.48,4.64,5.16,5.17
2026-08-26,3.8,3.8,3.85,3.88,3.94,4.02,4.19,4.29,4.37,4.51,4.66,5.17,5.18
2026-08-27,3.81,3.81,3.84,3.88,3.94,4.04,4.2,4.3,4.38,4.52,4.67,5.18,5.19
2026-08-28,3.84,3.86,3.9,3.94,4.02,4.15,4.34,4.41,4.48,4.59,4.73,5.21,5.22
2026-08-31,3.85,3.88,3.91,3.96,3.99,4.16,4.34,4.4,4.49,4.62,4.75,5.24,5.25
2026-09-01,3.85,3.89,3.92,3.97,4.0,4.18,4.39,4.46,4.55,4.66,4.79,5.27,5.27
2026-09-02,3.83,3.89,3.92,4.02,4.0,4.16,4.39,4.45,4.54,4.66,4.79,5.27,5.27
2026-09-03,3.83,3.91,3.89,3.99,3.95,4.11,4.34,4.41,4.52,4.63,4.77,5.25,5.25
2026-09-04,3.79,3.9,3.91,4.0,3.98,4.13,4.37,4.45,4.54,4.65,4.78,5.25,5.24
2026-09-08,3.81,3.91,3.94,4.02,4.0,4.15,4.39,4.44,4.57,4.68,4.8,5.26,5.25
2026-09-09,3.81,3.93,3.95,4.06,4.01,4.17,4.43,4.49,4.61,4.71,4.83,5.28,5.28
2026-09-10,3.91,4.01,4.0,4.11,4.07,4.28,4.56,4.63,4.75,4.84,4.95,5.39,5.37
2026-09-11,3.93,4.05,4.07,4.15,4.12,4.35,4.63,4.69,4.78,4.87,4.96,5.38,5.35
2026-09-14,3.94,4.06,4.11,4.18,4.18,4.37,4.65,4.73,4.8,4.88,4.97,5.37,5.34
2026-09-15,3.93,4.06,4.11,4.19,4.17,4.39,4.67,4.76,4.83,4.91,5.0,5.4,5.36
